id_caixa;id_banco;data_lancamento;historico;valor;natureza;id_categoria_caixa
2;12;29/07/2022;INTRUDUÇÃO DE SALDO;R$ 930,26;C;27
3;5;29/07/2022;INTRODUÇÃO DE SALDO;R$ 3.450,49;C;27
4;4;29/07/2022;INTRUDUÇÃO DE SALDO;R$ 383,94;C;27
5;12;01/08/2022;PGTO CEMIG PASTO IRIA;R$ 397,86;D;10
6;12;01/08/2022;PGTO CEMIG SITIO TOTO;R$ 550,90;D;10
7;12;29/07/2022;REP VALOR SUP PGTO CONTAS;R$ 18,50;C;27
8;1;01/08/2022;PGTO CEMIG FAZENDA VISTA DO LAGO;R$ 1.285,49;D;10
9;1;01/08/2022;PG POSTVAUTO NF21/09(STRADA-HUGO);R$ 500,00;D;28
10;1;01/08/2022;PGTO CONTADOR ORLANDO-ROBERTO;R$ 60,00;D;9
11;1;01/08/2022;PGTO CONTADOR ORLANDO-EVELINE;R$ 121,00;D;9
12;11;26/07/2022;SALDO RECBTO COOXUPÉ NF 639460;R$ 14.263,00;C;25
14;1;01/08/2022;RCBT TRANSF ADELSON/VENDA COOXUPÉ;R$ 460.000,00;C;25
15;1;05/08/2022;PGTO SALÁRIO JUL/22 HUGO;R$ 3.500,00;D;18
16;1;05/08/2022;PGTO SALÁRIO JUL/22 JOSÉ VITOR;R$ 3.800,00;D;18
17;1;05/08/2022;PGTO SALÁRIO JUL/22 VITOR;R$ 3.800,00;D;18
18;1;05/08/2022;PGTO SALÁRIO JUL/22 RONALDO;R$ 3.500,00;D;18
19;1;05/08/2022;PGTO SALÁRIO JUL/22 REGINALDO;R$ 3.500,00;D;18
20;1;05/08/2022;PGTO SALÁRIO JUL/22 JOSÉ ORLANDO;R$ 3.500,00;D;18
21;1;05/08/2022;PGTO SALÁRIO JUL/22 DJAVAN;R$ 3.800,00;D;18
22;1;05/08/2022;PGTO JUL/22 JOAO ADENISIO;R$ 3.500,00;D;17
23;1;05/08/2022;PGTO SALÁRIO JUL/22 JOÃO VITOR;R$ 3.266,00;D;18
24;1;05/08/2022;PGTO JUL/22 JOÃO PAULO;R$ 3.800,00;D;17
25;1;05/08/2022;PGTO NEY SERRALHEIRO/REV MAQ MIAC;R$ 1.400,00;D;28
26;1;05/08/2022;PGTO JUL/22 GUARDA NOTURNO;R$ 650,00;D;38
27;1;05/08/2022;PGTO JUL/22 MARCIA-FAXINA E HORTA;R$ 1.000,00;D;39
28;1;05/08/2022;PG JUL/22 SUPERM-LANCHE-MAT LIMP;R$ 921,00;D;40
29;1;05/08/2022;PGTO JUL/22 RESTAURANTE;R$ 153,00;D;40
30;1;05/08/2022;PGTO JUL/22 BORRACHARIA BORGES;R$ 245,00;D;6
31;1;05/08/2022;PGTO JUL/22 SERRALHERIA A.R.A;R$ 1.906,00;D;12
54;1;09/08/2022;PGTO VIVO MÓVEL FAZENDA;R$ 57,21;D;21
65;1;11/08/2022;PGTO GUIA DARF GPS JOAO GUILHERME;R$ 165,41;D;15
66;1;11/08/2022;PGTO GUIA DARF GPS JOÃO FRANCISCO;R$ 165,41;D;15
67;1;11/08/2022;PGTO GUIA DARF GPS BRUNA;R$ 182,65;D;15
68;1;11/08/2022;PGTO GUIA DARF GPS ANA CECÍLIA;R$ 224,34;D;15
69;1;11/08/2022;PGTO V.F MÁQUINAS NF36060;R$ 293,29;D;28
70;1;11/08/2022;PGTO GUIA I.R ROBERTO;R$ 33,33;D;14
71;1;11/08/2022;PGTO MONTE ALEGRE NF6778;R$ 4.798,98;D;28
72;1;11/08/2022;PGTO COOXUPÉ-ADELSON;R$ 2.623,68;D;22
73;1;15/08/2022;PGTO FRETE 66,39 TON CALCÁRIO;R$ 7.967,00;D;22
74;1;15/08/2022;PGTO ESTERCO+FRETE 14/08 RATINHO;R$ 4.500,00;D;11
76;1;18/08/2022;PGTO 1°CAMINHÃO ESTERCO ITANHANDU;R$ 7.588,00;D;11
77;1;18/08/2022;PGTO 2°CAMINHÃO ESTERCO ITANHANDU;R$ 7.572,00;D;11
78;1;18/08/2022;PGTO VISITA RONALDO AGRONOMO;R$ 700,00;D;5
79;1;19/08/2022;PGTO PARC3 CHORUMEIRA ANA CECILIA;R$ 18.620,00;D;2
80;11;22/08/2022;PGT CAFEBRASIL NF12610 VIÇANUTRI;R$ 3.460,50;D;31
81;1;22/08/2022;PGTO APROVAR NF51137 CANTUS 500GR;R$ 6.968,00;D;31
82;1;22/08/2022;PG CALCARIO NF139353 CORRET SOLO;R$ 3.797,30;D;7
83;1;22/08/2022;PGTO JOCAPE NF6530 VARRED MIAC;R$ 248,00;D;28
84;1;22/08/2022;PGTO JOCAPE NF6573 MF275 N°3;R$ 270,00;D;28
85;1;24/08/2022;PGTO COCATREL-DIVERSOS;R$ 1.764,13;D;27
86;1;24/08/2022;PGTO COCATREL-DIVERSOS;R$ 698,53;D;27
87;1;24/08/2022;PGTO VIVO MODEN FAZENDA;R$ 109,64;D;21
88;1;24/08/2022;PG COOXUPÉ UREIA/FERT 02-18-00;R$ 99.620,00;D;4
89;1;24/08/2022;PG COOPERCITRUS FERT 25-00-25;R$ 135.940,00;D;4
90;1;26/08/2022;PGTO FRETE+ESTERCO 3° CAMINHÃO;R$ 7.628,00;D;11
91;1;26/08/2022;PGTO FRETE+ESTERCO 4°CAMINHÃO;R$ 7.678,00;D;11
92;11;29/08/2022;PGTO PTE BOL OLEO DIESEL;R$ 6.740,00;D;37
93;11;29/08/2022;PGTO RENOV SEGURO-MF275 TRAÇADO;R$ 2.833,44;D;29
94;1;29/08/2022;PGTO SDO OLEO DIESEL;R$ 6.740,00;D;37
95;1;29/08/2022;SOBMEDIDA NF1238-EIXOESPARRAMADOR;R$ 450,00;D;12
96;1;05/09/2022;PGTO SALÁRIO AGO/22 HUGO;R$ 2.978,00;D;18
221;5;05/10/2022;PGTO ADCON-HONORARIO-J GUILHERME;R$ 300,00;D;9
222;5;05/10/2022;PGTO ADCON-HONORARIO- ADELSON;R$ 300,00;D;9
223;5;05/10/2022;PGTO FGTS SET/22- BRUNA ZONTA;R$ 137,32;D;13
224;5;05/10/2022;PGTO FGTS SET/22-JOAO FRANCISCO;R$ 133,90;D;13
225;5;05/10/2022;PGTO FGTS SET/22-JOAO GUILHERME;R$ 125,53;D;13
226;5;05/10/2022;PGTO FGTS SET/22-ANA CECILIA;R$ 165,83;D;13
227;5;05/10/2022;OASIS TRANSPFAT9472(125 SCS IARA);R$ 425,00;D;22
228;5;05/10/2022;OASIS TRANSPFAT9471(250 SCS EVELI;R$ 850,00;D;22
229;5;05/10/2022;TEODORO MAT CONTRUCAO-NF 1058;R$ 707,30;D;20
230;5;11/10/2022;ALAMEDA CAFE A/G NF742-9097 EVELI;R$ 1.659,55;D;24
231;5;11/10/2022;ALAMEDA CAFE A/G NF737-9092 IARA;R$ 887,65;D;24
232;5;11/10/2022;ALAMEDA CAFE A/G NF736-9091 J FRA;R$ 403,14;D;24
233;5;11/10/2022;ALAMEDA CAFE A/GNF 735- J GUILHER;R$ 101,44;D;24
234;5;11/10/2022;PGTO PALNO VIVO -JG;R$ 56,00;D;21
235;5;11/10/2022;ALAMEDA CAFE A/G NF741-9096 ROBET;R$ 920,72;D;24
236;5;18/10/2022;CARREG PO LESTE MINAS /FAZENDA;R$ 600,00;D;22
237;5;18/10/2022;10/09-RETORNO FAZENDA 200 SCS;R$ 600,00;D;22
238;5;18/10/2022;12/09-PÓ ALAMEDA P FAZENDA;R$ 550,00;D;22
239;5;18/10/2022;13/09 RETORNO FAZENDA 42 SCS;R$ 550,00;D;22
240;5;20/10/2022;PGTO JOCAPE NF6905(FIBRA/CORREA/P;R$ 599,00;D;28
241;5;20/10/2022;PGTO GRAO OURO NF 31504(ALION-HER;R$ 6.480,00;D;32
242;5;20/10/2022;TARIFAS BANCARIAS;R$ 47,80;D;30
243;11;03/10/2022;RECEBTO TRANSF JF BB-PGTO BOLETO;R$ 2.980,90;C;44
244;11;03/10/2022;CAFE BRASIL NF 9760/27831-VIÇA CA;R$ 29.037,16;D;32
245;12;03/10/2022;TRANS FBB -ADELSON(PGTO CAFE BRAS;R$ 2.980,90;D;44
246;1;20/10/2022;PGTO INSS SET/22- EVELINE;R$ 402,52;D;15
247;1;20/10/2022;PGTO INSS SET/22-ROBERTO GUEDES;R$ 286,08;D;15
248;1;20/10/2022;PGTO INSS SET/22-BRUNA ZONTA;R$ 182,65;D;15
249;1;20/10/2022;PGTO INSS SET/22 -JOAO FRANCISCO;R$ 176,07;D;15
250;1;20/10/2022;PGTO INSS SET/22-JOAO GUILHERME;R$ 165,41;D;15
32;1;05/08/2022;PGTO JUL/22-REEMB HUGO/COCATREL;R$ 178,00;D;19
33;1;05/08/2022;PGTO JUL/22 LÁZARO/DEBULHO MILHO;R$ 600,00;D;27
34;1;05/08/2022;PG JUL/22 RAFAMOTOS-CONS RODOMOTO;R$ 420,00;D;28
35;1;05/08/2022;PGTO JONATHAN-NET VISTA DO LAGO;R$ 155,00;D;21
36;1;05/08/2022;PGTO DEPÓSITO ÁGUEDA;R$ 600,00;D;20
37;1;05/08/2022;PGTO POSTO PHILADELPHIA;R$ 2.712,40;D;1
38;1;05/08/2022;PGTO CONTADOR ADCON-ADELSON;R$ 300,00;D;9
39;1;05/08/2022;PGTO CONTADOR ADCON-JOAO GUILHERM;R$ 300,00;D;9
40;1;05/08/2022;PGTO FGTS EVELINE;R$ 300,09;D;13
41;1;05/08/2022;PGTO FGTS ROBERTO;R$ 205,22;D;13
42;1;05/08/2022;PGTO FGTS ANA CECÍLIA;R$ 165,83;D;13
43;1;05/08/2022;PGTO FGTS JOÃO GUILHERME;R$ 125,53;D;13
44;1;05/08/2022;PGTO FGTS JOÃO FRANCISCO;R$ 125,53;D;13
45;1;05/08/2022;PGTO FGTS BRUNA;R$ 137,32;D;13
46;1;05/08/2022;PGT SOB MEDIDA NF1155-MAQ MIAC;R$ 480,00;D;28
47;1;05/08/2022;PGTO V.F MAQUINAS NF 35859;R$ 2.208,67;D;28
48;1;05/08/2022;PGTO ROLMASTER NF 23823;R$ 1.679,59;D;28
49;1;05/08/2022;PGT RENOV SEGURO PARC2 LS TRACTOR;R$ 300,93;D;34
50;1;05/08/2022;PGTO JOCAPE NF 6509;R$ 758,25;D;28
51;1;05/08/2022;PGTO TERRA CAFÉ NF 24207;R$ 957,00;D;28
52;1;05/08/2022;PGT ALAMEDA CAFÉ NF8837-ADELSON;R$ 3.653,22;D;24
53;1;05/08/2022;PGTO ALAMEDA CAFÉ NF727 EVELINE;R$ 375,23;D;24
55;1;10/08/2022;PGTO JB BATE NF202 MANUT RADIADOR;R$ 320,00;D;33
56;1;10/08/2022;PGTO FRETE OASIS DIA 05/08;R$ 1.100,00;D;22
57;1;10/08/2022;PGTO STOSTRAT MANUT BERÇO MOTOR;R$ 3.500,00;D;36
58;1;11/08/2022;PGTO MWM ENG NF3832;R$ 311,79;D;28
59;1;11/08/2022;PGTO TERRA CAFÉ NF24243;R$ 735,00;D;28
60;1;11/08/2022;PGTO TERRA CAFÉ NF24222;R$ 150,00;D;28
61;1;11/08/2022;PGTO PINHALENSE NF12210;R$ 74,70;D;28
62;1;11/08/2022;PGTO MONTE ALEGRE MAQUINAS NF506;R$ 672,00;D;28
63;1;11/08/2022;PGTO GUIA DARF GPS EVELINE;R$ 402,52;D;15
64;1;11/08/2022;PGTO GUIA DARF GPS ROBERTO;R$ 286,08;D;15
129;1;08/09/2022;PGT POSTO PHILADELPHIA NF1137;R$ 2.432,00;D;1
130;1;08/09/2022;PGTO OFICINA PEDROCA-BOMBA FOLIAR;R$ 3.200,00;D;28
131;1;08/09/2022;PGT POTTENCIAL TRATOR VALTRA BF75;R$ 1.586,49;D;29
132;1;28/08/2022;AJUSTE DE VALOR-ERRO NO SISTEMA;R$ 13.844,01;C;25
133;1;09/09/2022;PGT LESTEMINAS-7TON PÓ P COMPOSTO;R$ 1.396,00;D;4
134;1;12/09/2022;PGTO JONATHAN-NET FAZ VISTALAGO;R$ 155,00;D;21
135;1;12/09/2022;PGTO PINHALENSE NF12381 VAZADEIRA;R$ 246,00;D;12
136;1;12/09/2022;PGTO FERMATEL NF24852;R$ 1.210,15;D;12
137;1;12/09/2022;PGTO ARM ALAMEDA NF732 EVELINE;R$ 591,20;D;24
138;1;12/09/2022;PGTO ARM ALAMEDA NF733 ROBERTO;R$ 317,42;D;24
139;1;12/09/2022;PGTO SOB MEDIDA NF1238;R$ 462,06;D;12
140;11;12/09/2022;PGTO CONTA VIVO MOVEL FAZENDA;R$ 56,00;D;21
141;11;12/09/2022;PGTO TAXA EMISSÃO CCIR PASTO IRIA;R$ 17,46;D;27
142;11;14/09/2022;RECBT PREMIO RFA COOXUPÉ;R$ 54.156,94;C;25
143;11;14/09/2022;TRANSF P/JOÃO PG CONTAS-CXFAZENDA;R$ 20.000,00;D;25
144;11;14/09/2022;TRANF P/BETO PG CONTAS-CXFAZENDA;R$ 8.000,00;D;25
145;1;13/09/2022;PGT AUTELÉTRICA FEIJ TRATOR MF275;R$ 250,00;D;28
146;1;14/09/2022;PG FERREIRA CALCARIO NF139571;R$ 4.949,39;D;7
147;1;15/09/2022;PG CARTORIO CPSGERAIS MATRICULAS;R$ 70,00;D;27
148;12;14/09/2022;RECBTO P/ CX FAZENDA-PG CONTAS;R$ 20.000,00;C;25
149;6;14/09/2022;RECBT ADELSON/BETO-PARA PG CONTAS;R$ 8.000,00;C;25
150;1;19/09/2022;PGTO GUIA IR ROBERTO;R$ 33,33;D;14
151;1;19/09/2022;PGTO GUIA GPS ANA CECÍLIA;R$ 224,34;D;15
152;1;19/09/2022;PGTO GUIA GPS JOÃO FRANCISCO;R$ 165,41;D;15
153;1;19/09/2022;PGTO GUIA GPS BRUNA COSTA;R$ 182,65;D;15
154;1;19/09/2022;PGTO GUIA GPS JOÃO GUILHERME;R$ 165,41;D;15
155;1;19/09/2022;PGTO GUIA GPS EVELINE GUEDES;R$ 402,52;D;15
156;1;19/09/2022;PGTO GUIA GPS ROBERTO GUEDES;R$ 286,08;D;15
157;1;19/09/2022;PGTO JOCAPE NF6749 BOMBA KO/MIAC;R$ 732,60;D;28
158;1;19/09/2022;PGT MWM NF3994-BARRA METAL DIVSOS;R$ 504,04;D;12
97;1;05/09/2022;PGTO SALÁRIO AGO/22 JOSÉ VITOR;R$ 2.991,00;D;18
98;1;05/09/2022;PGTO SALÁRIO AGO/22 VITOR;R$ 2.991,00;D;18
99;1;05/09/2022;PGTO SALÁRIO AGO/22 RONALDO;R$ 2.576,00;D;18
100;1;05/09/2022;PGTO SALÁRIO AGO/22 REGINALDO;R$ 2.576,00;D;18
101;1;05/09/2022;PGTO SALÁRIO AGO/22 JOSÉ ORLANDO;R$ 2.576,00;D;18
102;1;05/09/2022;PGTO SALÁRIO AGO/22 DJAVAN;R$ 2.800,00;D;18
103;1;05/09/2022;PGTO SALÁRIO AGO/22 JOÃO ADENIZIO;R$ 2.576,00;D;18
104;1;05/09/2022;PGTO SALÁRIO AGO/22 JOÃO VITOR;R$ 2.576,00;D;18
105;1;05/09/2022;PGTO SALÁRIO AGO/22 JOÃO PAULO;R$ 2.991,00;D;18
106;1;05/09/2022;PGTO AGO/22 GUARDA NOTURNO;R$ 650,00;D;38
107;1;05/09/2022;PGTO MARCIA AGO/22;R$ 1.000,00;D;18
108;1;05/09/2022;PGTO AGO/22 LANCHE/MAT LIMPEZA;R$ 429,00;D;40
109;1;05/09/2022;PGTO AGO/22 RESTAURANTE;R$ 153,00;D;40
110;1;05/09/2022;PGTO AGO/22 BORRACHARIA BORGES;R$ 120,00;D;6
111;1;05/09/2022;PGTO AGO/22 SERRALHERIA A.R.A;R$ 1.879,00;D;12
112;1;05/09/2022;PGTO CEMIG PASTO IRIA;R$ 367,45;D;10
113;1;05/09/2022;PGTO CEMIG SITIO TOTO;R$ 1.894,00;D;10
114;1;05/09/2022;PGT VF PEÇAS NF36351-VALTRA BF 75;R$ 6.739,82;D;28
115;1;05/09/2022;PGT RENOV SEGURO TRATOR LS R60;R$ 300,93;D;29
116;1;05/09/2022;PGT ROLMASTER NF24586 VALTRA BF75;R$ 1.058,30;D;28
117;1;05/09/2022;PGTO CONTADOR ORLANDO-EVELINE;R$ 121,00;D;9
118;1;05/09/2022;PGTO CONTADOR ADCON-ADELSON;R$ 300,00;D;9
119;1;05/09/2022;PGTO CONTADOR ADCON-JOÃO GUILHERM;R$ 300,00;D;9
120;1;05/09/2022;PGT DEPÓSITO ÁGUEDA NF1041;R$ 609,30;D;20
121;1;05/09/2022;PGTO CEMIG VISTA DO LAGO;R$ 2.572,45;D;10
122;11;05/09/2022;PGTO FGTS ANA CECILIA;R$ 165,83;D;13
123;11;05/09/2022;PGTO FGTS JOÃO GUILHERME;R$ 125,53;D;13
124;11;05/09/2022;PGTO FGTS JOÃO FRANCISCO;R$ 125,53;D;13
125;11;05/09/2022;PGTO FGTS ROBERTO;R$ 205,22;D;13
126;11;05/09/2022;PGTO FGTS BRUNA COSTA;R$ 137,32;D;13
127;11;05/09/2022;PGTO FGTS EVELINE;R$ 300,09;D;13
128;11;05/09/2022;PGTO CONTADOR ORLANDO-ROBERTO;R$ 60,00;D;9
190;5;27/09/2022;PGTO 45 DIAS VARREDEIRA;R$ 20.000,00;D;43
191;5;29/09/2022;PGTO 30 DIAS FÉRIAS HUGO;R$ 2.990,56;D;23
192;5;29/09/2022;PGTO 30 DIAS FÉRIAS JOSÉ VITOR;R$ 2.595,16;D;23
193;11;26/09/2022;PGTO ITR ADELSON CAMPOS GERAIS;R$ 12,00;D;14
194;11;26/09/2022;PGTO ITR ADELSON CAMPOS GERAIS;R$ 22,92;D;14
195;11;26/09/2022;PGTO ITR ADELSON CAMPOS GERAIS;R$ 10,00;D;14
196;5;28/09/2022;PGTO HONORARIOS ORLANDO/ROBERTO;R$ 360,00;D;9
197;5;28/09/2022;PGTO HONORARIOS ORLANDO-EVELINE;R$ 121,00;D;9
198;1;28/09/2022;PGTO IR SET/22 ROBERTO;R$ 143,67;D;14
199;5;28/09/2022;PGTO FGTS SET/22 ROBERTO;R$ 205,22;D;13
200;5;28/09/2022;PGTO FGTS SET/22 EVELINE;R$ 300,09;D;13
201;5;30/09/2022;PG SALÁRIO HUGO SET/22 30 DIAS;R$ 2.565,00;D;18
202;5;30/09/2022;PG SALÁRI JOSÉVITOR SET/22 30DIAS;R$ 2.182,00;D;18
203;5;30/09/2022;PG SALÁRIO VITOR SET/22 30DIAS;R$ 2.182,00;D;18
204;5;30/09/2022;PG SALÁRIO RONALDO SET/22 30DIAS;R$ 1.652,00;D;18
205;5;30/09/2022;PG SALÁRI REGINALDO SET/22 30DIAS;R$ 1.652,00;D;18
206;5;30/09/2022;PG SALÁRI J.ORLANDO SET/22 30DIAS;R$ 1.652,00;D;18
207;5;30/09/2022;PG SALÁRIO DJAVAN SET/22 30DIAS;R$ 1.652,00;D;18
208;5;30/09/2022;PG SALÁR J.ADENIZIO SET/22 24DIAS;R$ 1.800,00;D;18
209;5;30/09/2022;PG SALÁRIO J.VITOR SET/22 30 DIAS;R$ 1.652,00;D;18
210;5;30/09/2022;PG SALÁRIO J.PAULO SET/22 25DIAS;R$ 1.875,00;D;18
211;5;30/09/2022;PG MARCIA SET/22 FAXINA HORTA;R$ 1.000,00;D;39
212;5;30/09/2022;PG SUPERMERCADO MAT.LIMPEZA SET;R$ 110,00;D;27
213;5;30/09/2022;PG DESPESA RESTAURANTE;R$ 130,00;D;40
214;5;30/09/2022;PGTO BORRACHARIA BORGES;R$ 325,00;D;6
215;5;30/09/2022;PGTO SERRALHERIA A.R.A;R$ 2.648,90;D;12
216;5;30/09/2022;PGTO EXAME ADM JOSE ORLANDO;R$ 50,00;D;27
217;5;30/09/2022;PG 38.7 HRS DECOTADEIRA-VAGUINHO;R$ 5.031,00;D;26
218;5;30/09/2022;PGT JOAO VITOR-AGUAÇÃO;R$ 255,00;D;42
219;5;30/09/2022;PGTO RONALDO-AGUAÇÃO;R$ 500,00;D;42
220;5;30/09/2022;PGTO DJAVAN-MAQUININHA;R$ 394,00;D;42
251;1;20/10/2022;PGTO INSS SET/22-ANA CECILIA;R$ 224,34;D;15
252;1;24/10/2022;PGTO RONALDO-AGRONOMO;R$ 700,00;D;5
253;1;26/10/2022;RESC.REGINALDO CAMILO(ACORDO);R$ 3.866,21;D;18
254;5;26/10/2022;FGTS RESCISORIO-REGINALDO CAMILO;R$ 1.656,33;D;13
255;5;26/10/2022;GIOVANI ADENILSON- GASOLINA;R$ 1.374,66;D;1
256;5;26/10/2022;VF MAQUINAS NF 37051(MEDIDOR COMB;R$ 243,21;D;28
257;5;26/10/2022;PGTO PLANO VIVO;R$ 111,88;D;21
258;5;31/10/2022;ROLMASTER NF25286-BUJAO/ANEL BORR;R$ 30,70;D;28
259;5;31/10/2022;ORLANDO CONTAB. HONORARIO EVELINE;R$ 121,00;D;9
260;5;31/10/2022;ORLANDO CONTAB. HONORARIO ROBERTO;R$ 60,00;D;9
261;5;31/10/2022;PGTO JOCAPE NF 06948;R$ 516,00;D;28
262;5;31/10/2022;RN TINTAS NF074577(SMALTE/THINERO;R$ 297,59;D;20
263;5;31/10/2022;PGTO FGTS OUT/22- EVELINE;R$ 356,34;D;13
264;5;31/10/2022;PGTO FGTS OUT/22- ROBERTO;R$ 271,34;D;13
265;5;31/10/2022;PGTO FGTS OUT/22- ANA CECILIA;R$ 165,83;D;13
266;5;31/10/2022;PGTO FGTS OUT/22- JOAO FRANCISCO;R$ 125,53;D;13
267;5;31/10/2022;PGTO FGTS OUT/22- BRUNA;R$ 137,32;D;13
268;6;26/10/2022;CH1648-PGTO TRATOR GLEDTON;R$ 40.000,00;D;2
269;5;01/11/2022;PGTO FGTS OUT/22- JOAO GUILHERME;R$ 125,53;D;13
270;5;01/11/2022;PGTO VG AGRON NF1247(SERPENTINIT;R$ 9.520,00;D;32
271;5;01/11/2022;PGTO SAL OUT/22- HUGO;R$ 1.197,00;D;19
272;5;01/11/2022;PGTO SAL OUT/22- VITOR;R$ 2.182,00;D;18
273;5;01/11/2022;PGTO SAL OUT/22-RONALDO;R$ 1.652,00;D;18
274;5;01/11/2022;PGTO SAL OUT/22-JOSE ORLANDO;R$ 1.652,00;D;18
275;5;01/11/2022;PGTO SAL OUT/22-DJAVAN;R$ 1.652,00;D;18
276;5;01/11/2022;PGTO SAL OUT/22-JOAO VITOR;R$ 1.652,00;D;18
277;5;01/11/2022;PGTO SAL OUT/22-JOSE VITOR(2 DIAS;R$ 145,48;D;18
278;5;01/11/2022;PGTO MARCIA - FAXINA;R$ 500,00;D;39
279;5;01/11/2022;PGTO COMPRA PRODUTOS LIMPEZA;R$ 78,00;D;39
280;5;01/11/2022;PGTO DESP C RESTAURANTE;R$ 86,00;D;40
281;5;01/11/2022;PGTO COCATREL(HERBICIDA/ EPI);R$ 125,77;D;32
159;1;19/09/2022;PGTO MERCADÃO AGRO NF11148 MANCAL;R$ 47,50;D;28
160;1;19/09/2022;PGTO VISITA 19/09 RONALDO;R$ 700,00;D;5
161;1;22/09/2022;PGTO OASIS-FRETE 125 SCS ROBERTO;R$ 425,00;D;22
162;12;21/09/2022;PGTO TAPEÇARIA MANUT BCO TRATOR;R$ 260,00;D;28
163;1;22/09/2022;PG FEIJÃOZ-MANUT LS,MF4275,275/BF;R$ 415,00;D;28
164;5;23/09/2022;RECBTO 250 SCS ATLANTICA-EVELINE;R$ 147.602,25;C;25
165;5;23/09/2022;RECBTO 125 SCS ATLANTICA-IARA;R$ 73.801,12;C;25
166;6;23/09/2022;RECBTO 125 SCS ATLANTICA-ROBERTO;R$ 73.801,12;C;25
167;12;26/09/2022;PGTO CEMIG PASTO IRIA;R$ 282,98;D;10
168;12;26/09/2022;PGTO CEMIG VISTA DO LAGO;R$ 1.443,39;D;10
169;12;26/09/2022;PG VF NF36790 MF4275 BF75 TRINCHA;R$ 926,41;D;28
170;12;26/09/2022;PGTO OLEO DIESEL NF207309;R$ 13.380,00;D;37
171;11;26/09/2022;PGTO TAXA EMISSAO CCIR PASTO IRIA;R$ 17,46;D;14
172;11;26/09/2022;PGT TAXA EMISSAO CCIR SITIO BELEM;R$ 17,46;D;14
173;11;26/09/2022;PG TAXA EMISSAO CCIR SITO TOTOIII;R$ 17,46;D;14
174;11;26/09/2022;PG TAXA EMISSAO CCIR SITIO BELEM;R$ 17,46;D;14
175;1;26/09/2022;PGTO JONATHAN NET PONTE NOVA;R$ 155,00;D;21
176;1;26/09/2022;PGTO ITR JOAO F-BELEM;R$ 30,00;D;14
177;1;26/09/2022;PGTO ITR JOAO G-PASTO IRIA;R$ 15,00;D;14
178;1;26/09/2022;PGTO ITR JOAO F-TRES PONTAS;R$ 15,00;D;14
179;1;26/09/2022;PGTO ITR ANA CECILIA-TOTO;R$ 15,00;D;14
180;1;26/09/2022;PGTO ITR EVELINE-TOTO;R$ 117,72;D;14
181;1;26/09/2022;PGTO ITR EVELINE-BELEM;R$ 239,76;D;14
182;1;26/09/2022;PGTO ROLAMSTER NF24833;R$ 202,33;D;12
183;1;27/09/2022;PG 3 PONTAS DIESEL NF23417-BOMBA;R$ 219,00;D;28
184;5;27/09/2022;PG IPIRANGA PNEUS NF9065-1919;R$ 5.208,00;D;41
185;1;28/09/2022;PGTO VIVO MODEM FAZENDA;R$ 109,64;D;21
186;1;28/09/2022;PGTO CCIR SITO BOA VISTA 2022;R$ 74,16;D;14
187;1;28/09/2022;PGTO TAXA EMISSAO CCIR BOA VISTA;R$ 24,60;D;14
188;11;27/09/2022;PGTO ITR ADELSON CAMPOS GERAIS;R$ 12,00;D;14
189;11;27/09/2022;PGTO ITR ADELSON CAMPOS GERAIS;R$ 10,00;D;14
282;5;01/11/2022;PGTO SERRALHERIA A.R.A;R$ 697,10;D;12
283;5;01/11/2022;PGTO EXAME DEMISSIONAL REGINALDO;R$ 50,00;D;27
284;5;01/11/2022;PGTO PLANTIO MILHO4,3HORASX130;R$ 559,00;D;17
285;5;01/11/2022;PGTO JOAO PAULO-SERVIÇOS GERAIS;R$ 375,00;D;17
286;5;01/11/2022;PGTO JOSE VITOR;R$ 200,00;D;42
287;5;01/11/2022;PGTO RONALDO;R$ 200,00;D;42
288;5;01/11/2022;PGTO DJAVAN- HORA EXTRA-MAQUININH;R$ 160,00;D;42
289;5;01/11/2022;PGTO JOAO ADENIZIO;R$ 75,00;D;17
290;5;31/10/2022;DEB TAR PCTE SERVIÇOS(10/10/22);R$ 16,00;D;30
291;1;03/11/2022;PGTO CEMIG SITIO TOTO;R$ 394,73;D;10
292;1;03/11/2022;PGTO CEMIG VISTA DO LAGO;R$ 986,38;D;10
293;1;03/11/2022;PGTO CEMIG PASTO DA IRIA;R$ 338,17;D;10
294;12;04/11/2022;PGTO ALAMEDA NF 747 JF;R$ 116,62;D;24
295;12;04/11/2022;PGTO ALAMEDA NF 746 JG;R$ 85,93;D;24
296;5;07/11/2022;PG NF3675 COMAGRO-OPERA 5LTS;R$ 12.160,00;D;31
297;5;07/11/2022;PGTO INTERNET  FAZ PONTE NOVA;R$ 155,00;D;21
298;5;07/11/2022;PG COMAGRO NF3681 DEFENSIVOS;R$ 6.500,00;D;4
299;5;07/11/2022;PG HONORÁRIOS ADCON JOAO GUILHERM;R$ 300,00;D;9
300;5;07/11/2022;PG HONORÁRIOS ADCON ADELSON;R$ 300,00;D;9
301;5;07/11/2022;PG FRETE 31/10 PÓ DE CAFÉ FAZENDA;R$ 700,00;D;22
302;5;10/11/2022;PG POSTO-GASOL+OLÉO LUBRIF NF1170;R$ 694,16;D;1
303;6;11/11/2022;SAQUE P/ SUP DE CAIXA CH1649;R$ 10.000,00;D;45
304;1;11/11/2022;RECBTO P/ SUP DE CAIXA CH1649;R$ 10.000,00;C;45
305;5;16/11/2022;PG FEIJÃOZINHO MANUT TRATOR 2 LS;R$ 416,00;D;28
306;5;16/11/2022;PG DEP ÁGHEDA NF1078;R$ 796,60;D;20
307;1;16/11/2022;PG IR JOAO FRANCISCO;R$ 45,50;D;14
308;1;16/11/2022;PG GPS JOAO GUILHERME;R$ 165,41;D;15
309;1;16/11/2022;PG GPS BRUNA COSTA;R$ 182,65;D;15
310;1;16/11/2022;PG GPS JOAO FRANCISCO;R$ 417,60;D;15
311;1;16/11/2022;PG GPS ANA CECILIA;R$ 224,34;D;15
312;1;16/11/2022;PG GPS EVELINE TAVARES;R$ 498,50;D;15
313;1;16/11/2022;PG GPS ROBERTO GUEDES;R$ 407,58;D;15
314;1;22/11/2022;PGTO BRIOTEC-MANT COMPRESSOR;R$ 285,00;D;28
315;5;22/11/2022;PGTO JOCAPE NF7072-DIVERSOS;R$ 3.198,96;D;28
316;5;22/11/2022;PGTO SANTANA PETROLEO NF 210316;R$ 13.020,00;D;37
317;5;22/11/2022;PG AGROVIVA NF11550 PREMIER PLUS;R$ 9.375,00;D;32
318;5;24/11/2022;PG VIVOMODEM-NET FAZENDA;R$ 109,64;D;21
319;5;01/12/2023;PG AGROVIVA NF11552 SEMENTE MILHO;R$ 1.223,39;D;48
320;5;29/11/2022;PG 13°/2022 HUGO-12MESES;R$ 2.565,00;D;46
321;5;29/11/2022;PG 13°/2022 VITOR - 12MESES;R$ 2.182,00;D;46
322;5;29/11/2022;PG 13°/2022 JOSÉ VITOR- 12 MESES;R$ 2.182,00;D;46
323;5;29/11/2022;PG 13°/2022 RONALDO - 12MESES;R$ 1.652,00;D;46
324;5;29/11/2022;PG 13°/2022 DJAVAN - 8 MESES;R$ 1.101,33;D;46
325;5;29/11/2022;PG 13°/2022 JOÃO VITOR - 7 MESES;R$ 963,66;D;46
326;5;29/11/2022;PG 13°/2022 JOSÉ ORLANDO -3 MESES;R$ 412,99;D;46
327;5;30/11/2022;PGTO CEMIG TOTO;R$ 365,46;D;10
328;5;30/11/2022;PGTO CEMIG VISTA DO LAGO;R$ 1.068,35;D;10
329;5;30/11/2022;PGTO CEMIG PASTO DA IRIA;R$ 365,46;D;10
330;5;30/11/2022;PGTO OFICINA DO PEDROCA-DIVERSOS;R$ 5.647,00;D;28
331;5;30/11/2022;PG JB BATERIA NF233-RADIADOR BF75;R$ 320,00;D;28
332;5;30/11/2022;PG MERCADÃOAGROP NF12024 DIVERSOS;R$ 808,90;D;28
333;5;30/11/2022;PG ROLMASTER NF25830 DIVERSOS;R$ 30,00;D;28
334;1;05/12/2022;PG DESP SUPERMERCADO NOV;R$ 76,26;D;27
335;1;05/12/2022;PG DESPESA RESTAURANTE NOV;R$ 103,00;D;40
336;1;05/12/2022;PGTO DESPESA NOTAS COCATREL;R$ 134,97;D;27
337;1;05/12/2022;PG DESP BORRACHARIA BORGES;R$ 45,00;D;6
338;1;05/12/2022;PG VITOR/FERIADO;R$ 72,74;D;42
339;1;05/12/2022;PG JOSE VITOR/FERIADO;R$ 72,74;D;42
340;1;05/12/2022;PG JOSE ORLAND/MAQUININHA/FERIADO;R$ 350,00;D;42
341;1;05/12/2022;PG DJAVAN/MAQUININHA/FERIADO;R$ 400,00;D;42
342;1;05/12/2022;PG JOAOVITOR/FERIADO E HR EXTRA;R$ 200,00;D;42
343;1;05/12/2022;PG RONALDO/FERIADO E HR EXTRA;R$ 200,00;D;42
344;5;05/12/2022;PG SALÁRIO NOV HUGO;R$ 2.565,00;D;18
345;5;05/12/2022;PG SALÁRIO NOV VITOR;R$ 2.182,00;D;18
346;5;05/12/2022;PG SALÁRIO NOV JOSÉ VITOR;R$ 2.182,00;D;18
347;5;05/12/2022;PG SALÁRIO NOV JOSÉ ORLANDO;R$ 1.652,00;D;18
348;5;05/12/2022;PG SALÁRIO NOV DJAVAN;R$ 1.652,00;D;18
349;5;05/12/2022;PG SALÁRIO NOV JOÃO VITOR;R$ 1.652,00;D;18
350;5;05/12/2022;PG SALÁRIO NOV RONALDO;R$ 1.652,00;D;18
351;5;05/12/2022;PG MARCIA FAXINAS;R$ 500,00;D;39
352;5;05/12/2022;PG DESP SERRALHERIA ARA;R$ 802,00;D;12
353;5;02/12/2022;PGTO OFICINA DE TORNO E SOLDA;R$ 250,00;D;28
354;5;06/12/2022;PG JONATHAN NET PONTE NOVA;R$ 155,00;D;21
355;5;06/12/2022;PG HONORÁRIOS ORLANDO-EVELINE;R$ 121,00;D;9
356;5;06/12/2022;PG HONORÁRIOS ORLANDO-ROBERTO;R$ 60,00;D;9
357;5;06/12/2022;PG HONORÁRIOS ADCON-JOAOGUILHERME;R$ 300,00;D;9
358;5;06/12/2022;PG HONORÁRIOS ADCON-ADELSON;R$ 300,00;D;9
359;5;06/12/2022;PG VF MAQUINAS NF37421;R$ 121,41;D;28
360;5;06/12/2022;PG AGRO VIVA NF11678-ZARTAN;R$ 71,80;D;47
361;5;06/12/2022;PG ALAMEDA NF756-JOAO FRANCISCO;R$ 112,86;D;24
362;5;06/12/2022;PG ALAMEDA NF757-JOAO GUILHERME;R$ 83,16;D;24
363;1;06/12/2022;PG FGTS JOAO FRANCISCO;R$ 125,53;D;13
364;1;06/12/2022;PG FGTS ANA CECILIA;R$ 165,83;D;13
365;1;06/12/2022;PG FGTS JOAO GUILHERME;R$ 125,53;D;13
366;1;06/12/2022;PG FGTS BRUNA COSTA;R$ 137,32;D;13
367;1;06/12/2022;PG FGTS ROBERTO GUEDES;R$ 310,11;D;13
368;1;06/12/2022;PG FGTS EVELINE TAVARES;R$ 420,70;D;13
369;1;06/12/2022;PG GUIA GPS ANA CECILIA;R$ 224,34;D;15
370;1;06/12/2022;PG GUIA GPS JOAO FRANCISCO;R$ 165,41;D;15
371;1;06/12/2022;PG GUIA GPS JOAO GUILHERME;R$ 165,41;D;15
372;1;06/12/2022;PG GUIA GPS BRUNA COSTA;R$ 182,65;D;15
373;1;06/12/2022;PG GUIA GPS ROBERTO;R$ 290,26;D;15
374;1;06/12/2022;PG GUIA GPS EVELINE;R$ 405,36;D;15
375;1;06/12/2022;PG I.R ROBERTO;R$ 27,46;D;14
376;5;07/12/2022;PGTO 30 DIAS FÉRIAS VITOR REIS;R$ 2.838,83;D;23
377;5;07/12/2022;PGTO COCATREL-EVELINE;R$ 971,84;D;48
417;5;02/01/2023;PG ALAMEDA NF765 JOÃO G;R$ 13,86;D;24
418;5;02/01/2023;PG ALAMEDA NF764 JOÃO F.;R$ 18,81;D;24
419;5;02/01/2023;PG FGTS EVELINE;R$ 429,22;D;13
420;5;02/01/2023;PG FGTS ROBERTO;R$ 307,82;D;13
421;5;02/01/2023;PG ROLMASTER NF26333 - DIVERSOS;R$ 350,22;D;28
422;5;02/12/2022;PG FÉRIAS 30 DIAS RONALDO CQ795;R$ 2.086,22;D;23
423;5;01/11/2022;TAXA DE FOLHA CHEQUE TALAO;R$ 9,60;D;30
424;5;12/12/2022;PACOTE SERVIÇOS BANCARIOS;R$ 16,00;D;30
425;5;10/11/2022;PACOTE SERVIÇO BANCÁRIO;R$ 16,00;D;30
426;5;03/01/2023;PG FGTS BRUNA;R$ 315,85;D;13
427;5;03/01/2023;PG FGTS ANA CECÍLIA;R$ 420,35;D;13
428;5;03/01/2023;PG FGTS JOAO FRANCISCO;R$ 156,92;D;13
429;5;04/01/2023;PG HONORÁRIO ADCON - JOÃO GUIL;R$ 300,00;D;9
430;5;04/01/2023;PG HONORÁRIO ADCON ADELSON C;R$ 300,00;D;9
431;5;05/01/2023;PG FGTS JOÃO GUILHERME;R$ 209,23;D;13
432;5;04/01/2023;TAXA BANCÁRIA TALÃO DE CHEQUE;R$ 21,60;D;30
433;5;05/01/2023;PG DESBROTA JAN/23;R$ 6.400,00;D;26
434;5;05/01/2023;PG BOMBA HIDRAULICA TRATOR;R$ 1.280,00;D;33
435;5;05/01/2023;PG SALÁRIO HUGO;R$ 2.565,00;D;18
436;5;05/01/2023;PG SALÁRIO VITOR 28 DIAS;R$ 2.036,72;D;18
437;5;05/01/2023;PG SALÁRIO JOSÉ VITOR 29 DIAS;R$ 2.109,46;D;18
438;5;05/01/2023;PG SALÁRIO JOSÉ ORLANDO 30 DIAS;R$ 1.652,00;D;18
439;5;05/01/2023;PG SALÁRIO DJAVAN 30 DIAS;R$ 1.652,00;D;18
440;5;05/01/2023;PG SALÁRIO JOÃO VITOR 30D CH801;R$ 1.652,00;D;18
441;5;05/01/2023;PG SALÁRIO RONALDO 4D CH802;R$ 220,28;D;18
442;5;05/01/2023;PG FAXINA MÁRCIA CH803;R$ 500,00;D;39
443;5;05/01/2023;PG SUPERM MAT. LIMPEZA CH804;R$ 98,00;D;27
444;5;05/01/2023;PG RESTAURANTE CQ805;R$ 106,00;D;40
445;5;05/01/2023;PG MUDAS CAFÉ 1900 GERALDO CH806;R$ 1.900,00;D;25
446;5;05/01/2023;PG SERRALHERIA ARA CH807;R$ 439,00;D;27
447;5;05/01/2023;PG BORRACHARIA BORGES;R$ 195,00;D;6
448;5;05/01/2023;PG MAQUININHA DJAVAN;R$ 494,00;D;27
449;6;05/01/2023;PG COMISSÃO SAFRA HUGO;R$ 13.515,00;D;52
378;5;07/12/2022;PGTO COCATREL-ROBERTO;R$ 1.640,28;D;48
379;5;07/12/2022;PGTO JOCAPE NF7247;R$ 475,00;D;28
380;5;07/12/2022;PGTO DEP MAT CONTRUÇÃO NF1102;R$ 211,55;D;20
381;5;09/12/2022;PGTO POSTO PHILADELPHIA NF1213;R$ 1.221,76;D;1
384;5;15/12/2022;PG V.F NF37651 MANOMETRO;R$ 120,00;D;12
385;5;15/12/2022;PG HONORARIOS ORLANDO - ROBERTO;R$ 60,00;D;9
386;5;15/12/2022;PG HONORÁRIOS ORLANDO - EVELINE;R$ 121,00;D;9
387;5;15/12/2022;PG. COMPRA PENDRIVE ARQ. FAZENDA;R$ 87,00;D;27
388;5;15/12/2022;PG INSS 13º EVELINE;R$ 330,46;D;15
389;5;15/12/2022;PG INSS 13º ROBERTO;R$ 286,08;D;15
390;5;15/12/2022;PG INSS 13º JOÃO GUILHERME;R$ 106,70;D;15
391;5;15/12/2022;PG INSS 13º JOAO FRANCISCO;R$ 40,00;D;15
392;5;15/12/2022;PG INSS 13º BRUNA;R$ 182,65;D;15
393;5;15/12/2022;PG INSS 13º ANA CECILIA;R$ 264,76;D;15
394;5;15/12/2022;PG FGTS 13º ANA CECILIA;R$ 717,94;D;15
395;5;15/12/2022;PG COMP DE MUDA DE CAFÉ MUNDO NOV;R$ 882,00;D;25
396;5;16/12/2022;PG HONORÁRIOS ADCON - JOÃO GUILH;R$ 300,00;D;9
397;5;16/12/2022;PG HONORÁRIOS ADCON - ADELSON COS;R$ 300,00;D;9
402;5;19/12/2022;REC VEND MILHO P/COCATREL NF19043;R$ 15.439,92;C;50
403;16;20/12/2022;REC APORTE CAPITAL JOÃO FRANC;R$ 40.000,00;C;49
404;16;20/12/2022;REC APORTE CAPITAL ADELSON COSTA;R$ 40.000,00;C;49
405;16;20/12/2022;PG ADUBO (250025) NF 4338;R$ 70.200,00;D;4
407;3;20/12/2022;REC VEND ESCOLHA 42SC PPEREIRA;R$ 23.876,67;C;25
408;12;20/12/2022;REC VEND ESCOLHA 57SC PPEREIRA;R$ 33.031,00;C;25
409;6;20/12/2022;APORTE CAPITAL ROBERTO;R$ 40.000,00;C;49
410;6;20/12/2022;PG UREIA NF 4348;R$ 46.800,00;D;4
411;1;20/12/2022;PAG. VISITA AGRONOMO RONALDO;R$ 700,00;D;5
412;11;22/12/2022;ENTRADA P/COMPRA PAPELARIA;R$ 37,50;C;48
413;11;22/12/2022;COMPRA PASTAS PAPELARIA;R$ 37,50;D;48
414;5;02/01/2023;PG INTERNET FAZENDA VIVO;R$ 109,64;D;21
415;5;02/01/2023;PG HONORÁRIO ORLANDO - ROBERTO;R$ 60,00;D;9
416;5;02/01/2023;PG HONORÁRIO ORLANDO - EVELINE;R$ 121,00;D;9
450;1;10/01/2023;DARF IR ROBERTO;R$ 66,66;D;14
451;1;10/01/2023;DARF IR ROBERTO;R$ 33,33;D;14
452;1;10/01/2023;DARF ANA CECÍLIA 13º;R$ 23,62;D;14
453;1;10/01/2023;DARF ANA CECÍLIA;R$ 55,71;D;14
454;1;10/01/2023;DARF BRUNA CONTA;R$ 13,29;D;14
455;3;10/01/2023;PG MINASUL OPERA E FOLIAR;R$ 13.054,58;D;47
456;3;10/01/2023;PG POSTO PHILADELPHIA NF1256;R$ 1.216,09;D;1
457;5;10/01/2023;TÁRIFA PACOTE SERVIÇOS BANCARIOS;R$ 16,00;D;51
458;16;11/01/2023;TED ENTE CONTAS JR - SANTANDER;R$ 9.800,00;D;48
459;14;01/01/2023;REC TED SALDO BRADESCO ADELS. JR;R$ 9.800,00;C;48
460;14;12/01/2023;PG JOCAPE NF 7.438 / MANCAL;R$ 551,00;D;12
461;14;12/01/2023;PG ÁGUEDA NF 1.127;R$ 470,00;D;12
462;14;12/01/2023;PG V.F NF 37880 / HELICE;R$ 218,44;D;12
463;14;12/01/2023;DAE BRUNA ZONTA;R$ 242,90;D;15
464;14;12/01/2023;PG DAE JOÃO FRANCISCO;R$ 165,41;D;15
465;14;12/01/2023;PG DAE ANA CECÍLIA;R$ 325,87;D;15
466;14;12/01/2023;PG DAE EVELINE;R$ 402,52;D;15
467;14;12/01/2023;PG DAE ROBERTO GUEDES;R$ 286,08;D;15
468;14;12/01/2023;PG DAE JOÃO GUILHERME;R$ 165,41;D;15
469;14;12/01/2023;PG AGUEDA NF1127 MATERIAIS;R$ 168,80;D;12
470;12;17/01/2023;PG CAFEBRASIL NF10361 VICA CAFÉ;R$ 1.200,00;D;31
471;12;17/01/2023;PG CAFEBRASIL NF10362 VICA CAFE;R$ 8.000,00;D;31
472;1;18/01/2023;PG VISITA AGRONOMO RONALDO;R$ 700,00;D;5
473;5;19/01/2023;PG 2º DESBROTA JAN/23;R$ 6.800,00;D;26
474;5;19/01/2023;PG INTERNET;R$ 158,55;D;21
475;14;20/01/2023;PG CERTIFICADO DIGITAL JR 2CAEPF;R$ 334,00;D;48
476;14;20/01/2023;PG CERTIFICADO DIGITAL JR 1CAEPF;R$ 167,00;D;48
477;1;24/01/2023;PAGAMENTO DESPESA ESCRITÓRIO;R$ 700,00;D;53
478;14;25/01/2023;PG VF NF38014 MOLA MATAO/CASE...;R$ 884,16;D;12
479;14;25/01/2023;PG VIVO INTERNET;R$ 112,06;D;21
480;14;25/01/2023;PG UNIÃO SERVIÇO DE RECUPE. EIXO;R$ 1.000,00;D;28
481;14;25/01/2023;PG NF036917687 COMPRA BATERIA 60A;R$ 270,00;D;48
482;12;26/01/2023;PG SANTANA NF 213109 OLEO DISEL;R$ 12.420,00;D;1
515;5;03/02/2023;PG SALÁRIO JOSÉ ORLANDO 30D;R$ 1.774,00;D;18
516;5;03/02/2023;PG SALÁRIO DJVAN 30D;R$ 1.774,00;D;18
517;5;03/02/2023;PG SALÁRIO JOÃO VITOR 30D;R$ 1.774,00;D;18
518;5;03/02/2023;PG SALÁRIO RONALDO 30D;R$ 1.774,00;D;18
519;3;03/02/2023;TED P/ CONTA ADELSON;R$ 9.606,00;D;44
520;11;03/02/2023;REC TED JOÃO G - PARA CNT ADELSON;R$ 9.606,00;C;44
521;11;07/02/2023;PG POSTO PHILADELPHIA NF1261;R$ 2.310,52;D;1
522;11;07/02/2023;PG DARF INSS BRUNA ZONTA;R$ 187,99;D;15
523;11;07/02/2023;PG DARF INSS JOÃO FRANCISCO;R$ 164,06;D;15
524;11;07/02/2023;PG DARF INSS ANA CECÍLIA;R$ 267,63;D;15
525;14;07/02/2023;PG AGUEDA NF1142 CORREIA LIXA ETC;R$ 137,60;D;12
526;14;07/02/2023;PG DARF INSS JOÃO GUILHERME;R$ 164,06;D;15
527;14;07/02/2023;PG DARF IR ROBERTO;R$ 46,34;D;14
528;14;07/02/2023;PG DARF IR ANA CECÍLIA;R$ 27,85;D;14
529;14;07/02/2023;PG DARF IR EVELINE;R$ 26,13;D;14
530;11;10/02/2023;PG INSS ROBERTO;R$ 308,42;D;15
531;11;10/02/2023;PG INSS EVELINE;R$ 432,41;D;15
532;11;10/02/2023;PG HONORÁRIO ADCON - JOÃO GUILHER;R$ 320,00;D;9
533;11;10/02/2023;PG HONORÁRIO ADCON ADELSON COSTA;R$ 320,00;D;9
534;12;10/02/2023;TED JOÃO F P/ CONTA BB ADELSON;R$ 155,77;D;44
535;11;10/02/2023;REC TED CONTA ADELSON - DE JOAO F;R$ 155,77;C;44
536;4;10/02/2023;TED JOÃO F P/ CONTA BB ADELSON;R$ 383,94;D;44
537;11;10/02/2023;REC TED BB ADELSON - DE JOÃO F;R$ 383,94;C;44
538;5;10/02/2023;TÁRIFA BANCÁRIA;R$ 16,00;D;51
539;14;14/02/2023;PG SOLDA PLÁSTICA AUTOBRASIL/HUGO;R$ 200,00;D;27
540;14;15/02/2023;PG DESPESA ESCRITÓRIO PREST. SERV;R$ 700,00;D;27
541;1;17/02/2023;DEPOSITO P/CONTA ADELSON C;R$ 350,00;D;44
542;11;17/02/2023;ENTRADA DINHEIRO CAIXA C/BB ADELS;R$ 350,00;C;44
543;11;17/02/2023;PG OF TORNO E SOLDA FERRO TRATOR;R$ 600,00;D;27
544;11;17/02/2023;PG OASIS TRANSPORTE PÓ/DOC;R$ 1.100,00;D;22
545;11;17/02/2023;PAGAMENTO DESBROTA FEV- ULTIMA;R$ 10.640,00;D;26
546;3;15/02/2023;ENTRADA PARTE APORTE CAPITAL JF;R$ 40.000,00;C;49
547;3;15/02/2023;DEB AUT FINAME MAQ. COLHER CAFÉ;R$ 40.000,00;D;56
548;11;23/02/2023;APORTE CAPITAL ADELSON;R$ 50.000,00;C;49
549;5;24/02/2023;APORTE CAPITAL CC EVELI - ROBERTO;R$ 50.000,00;C;49
550;11;23/02/2023;TED HUGO P/PG EXAME DEMISSIONAL;R$ 150,00;D;27
551;11;23/02/2023;PG INTERNET FAZENDA;R$ 158,75;D;21
552;11;23/02/2023;PG NF 2922 LSR60 ASAP;R$ 1.791,94;D;28
553;11;24/02/2023;TED P/CC SANTANDER JUNIOR;R$ 42.522,99;D;44
554;14;24/02/2023;ENTRADA TED ADELSON;R$ 42.522,99;C;44
555;14;24/02/2023;PG TAXA EMISSÃO CCIR;R$ 45,30;D;14
556;14;24/02/2023;PG NF076 POSITIVA AUT CENT(CARRO);R$ 430,00;D;41
557;14;27/02/2023;ENTRADA SALDO APORTE CAPITAL - JF;R$ 10.000,00;C;49
558;14;27/02/2023;PG COTA ABERTURA DE CONTA SICOOB;R$ 200,00;D;27
559;14;27/02/2023;PG TELEFONE/INT VIVO;R$ 109,94;D;21
560;14;27/02/2023;PG VISITA AGRONOMO;R$ 700,00;D;5
561;14;27/02/2023;PG REMB.EXAMES DEMISSIONAL P/HUGO;R$ 51,00;D;27
562;14;28/02/2023;MUDAS CAFÉ VIVEIRO BOA SAFRA;R$ 275,00;D;27
563;14;02/03/2023;PG COM AGRO UREIA NF5023;R$ 9.000,00;D;32
564;5;02/03/2023;PG SALÁRIO HUGO / TRANSFERENCIA;R$ 2.755,00;D;18
565;5;02/03/2023;PG SERRALHERIA A.R.A TED;R$ 2.109,00;D;27
566;5;02/03/2023;PG HONORÁRIO ORLANDO - ROBERTO;R$ 65,00;D;9
567;5;02/03/2023;PG CEMIG FAZ VISTA ALEGRE ROBERTO;R$ 936,38;D;10
568;5;02/03/2023;PG AGROVIVA NF12161;R$ 1.674,00;D;47
569;5;02/03/2023;PG JOCAPE NF7629/7648 FILTRO OLE;R$ 627,50;D;48
570;5;02/03/2023;PG HONORÁRIO ORLANDO - EVELINE;R$ 131,00;D;9
571;5;02/03/2023;PG AGUEDA NF 1163/ DISCO, LUVA;R$ 207,75;D;48
572;5;02/03/2023;SANTOS TRATORES NF55 LS60/MAS275;R$ 1.350,00;D;34
573;14;02/03/2023;SAQUE PG RESCISÃO VITOR REIS;R$ 6.062,68;D;57
574;14;02/03/2023;SAQUE PG RESCISÃO JOSÉ ORLANDO;R$ 2.801,63;D;57
575;14;02/03/2023;SAQUE PG RESCISÃO DJAVAN;R$ 3.673,42;D;57
576;5;03/03/2023;PG FGTS EVELINE;R$ 322,39;D;13
577;5;03/03/2023;PG FGTS ROBERTO DA SILVA;R$ 220,46;D;13
578;5;03/03/2023;PG INSS ROBERTO;R$ 308,42;D;15
611;14;16/03/2023;PG MERC.AGROPE NF13319 OLEO LS1;R$ 368,28;D;48
612;5;17/03/2023;PG THAIZ BOMBA D'AGUA;R$ 476,00;D;48
613;14;23/03/2023;PG NF216005 SANTANA - OLEO DISEL;R$ 11.600,00;D;1
614;14;23/03/2023;PG AUT ELETR FEIJAOZ TRATOR 275;R$ 88,00;D;28
615;14;29/03/2023;PG REVISA ELETR. CONS STRADA;R$ 613,00;D;41
616;14;29/03/2023;PG WCAR CONSERTO KOMBI;R$ 415,00;D;48
617;5;29/03/2023;PG OFC PEDROCA (TRINCHA, ROÇAD);R$ 2.120,00;D;28
618;5;29/03/2023;PG NF770 E 72 LAERCIO ROÇADEIRA;R$ 430,00;D;28
619;5;29/03/2023;PG TARIFA TALÃO CHEQUE;R$ 21,60;D;51
620;14;03/04/2023;PG DARFT IR EVELINE;R$ 18,65;D;14
621;14;03/04/2023;PG DARF IR ROBERTO;R$ 46,34;D;14
622;5;03/04/2023;PG HONORÁRIO ADCON - ADELSON;R$ 320,00;D;9
623;5;03/04/2023;PG HONORÁRIO ADCON - JOÃO G;R$ 320,00;D;9
624;5;03/04/2023;PG INSS BRUNA ZONTA;R$ 181,30;D;15
625;5;03/04/2023;PG FGTS BRUNA ZONTA;R$ 137,32;D;13
626;5;03/04/2023;PG FGTS ROBERTO;R$ 220,46;D;13
627;5;03/04/2023;PG INTERNET FAZENDA - ROBERTO;R$ 155,00;D;21
628;5;03/04/2023;PG FGTS EVELINE;R$ 322,39;D;13
629;5;03/04/2023;PG FERMATEL NF26459 REV COLHEITA;R$ 1.492,15;D;48
630;5;03/04/2023;PG CEMIG ROBERTO - FAZ VISTA LAGO;R$ 1.144,41;D;10
631;5;03/04/2023;PG HONORÁRIO ORLANDO - ROBERTO;R$ 65,00;D;9
632;5;03/04/2023;PG HONORÁRIO ORLANDO - EVELINE;R$ 131,00;D;9
633;5;03/04/2023;PG SEGURO TRATOR MASSEY 1394;R$ 1.624,95;D;29
634;5;03/04/2023;PG AGROVIVA NF12327 CATAGO EROUND;R$ 822,50;D;48
635;5;03/04/2023;PG PINHALENSE - REVISÃO KTR;R$ 171,78;D;48
636;5;03/04/2023;PG SALÁRIO HUGO REF 30DIAS;R$ 2.655,00;D;18
637;5;03/04/2023;PG SERRALHERIA A.R.A;R$ 902,00;D;48
638;5;03/04/2023;ENTRADA APORTE CAPITAL - ROBERTO;R$ 40.000,00;C;49
640;5;02/12/2022;PG AGROVIVA NF11552 SEMENTE MILH;R$ 1.223,39;D;50
641;5;05/04/2023;PG FGTS JUNIOR;R$ 62,93;D;13
642;5;05/04/2023;PG INSS ADELSON JUNIOR;R$ 80,23;D;15
643;5;05/04/2023;PG NF12780 VICA CAFE;R$ 2.717,59;D;4
483;5;20/01/2023;TÁRIFA BANCÁRIA TED INTERENT;R$ 6,00;D;51
484;14;30/01/2023;PG NF271 COMÉIA RADIADOR TR BF75;R$ 800,00;D;36
485;14;01/02/2023;PG HONORÁRIO ORLANDO - EVELINE;R$ 131,00;D;9
486;14;01/02/2023;PG HONORÁRIOS ORLANDO - ROBERTO;R$ 65,00;D;9
487;14;01/02/2023;PG FGTS ANA CECÍLIA;R$ 196,35;D;13
488;14;01/02/2023;PG FGTS EVELINE;R$ 322,39;D;13
489;14;01/02/2023;PG FGTS ROBERTO;R$ 220,46;D;13
490;14;01/02/2023;PG FGTS BRUNA ZONTA;R$ 141,90;D;13
491;14;01/02/2023;PG FGTS JOAO GUILHERME;R$ 125,53;D;13
492;14;01/02/2023;PG FGTS JOÃO FRANCISCO;R$ 125,53;D;13
493;14;01/02/2023;PG CEMIG ROBERTO - VISTA DO LAGO;R$ 32,07;D;10
494;14;01/02/2023;PG CEMIG ROBERTO PASTO IRIA;R$ 32,07;D;10
495;14;01/02/2023;PG CEMIG ANA CECÍLIA TOTO III;R$ 397,23;D;10
496;1;18/01/2023;PGTO ENVIO AMOSTRA FOLHAS PROCAFE;R$ 540,00;D;25
497;12;01/02/2023;TED CONTA BB ADELSON (P/PG);R$ 11.779,00;D;44
498;11;02/02/2023;REC TED JOÃO PARA CNT BB ADELSON;R$ 11.779,00;C;44
499;11;01/02/2023;TED CONTA EVELINE P/ PG SALÁRIOS;R$ 11.000,00;D;44
500;5;02/02/2023;REC TED CNT EVELINE - DE ADELSON;R$ 11.000,00;C;44
501;6;02/02/2023;PG 1º DESBROTA FEVEREIRO/23;R$ 7.040,00;D;26
502;5;02/02/2023;PG SALÁRIO HUGO (REF 20 DIAS);R$ 1.836,80;D;18
503;6;03/02/2023;SAQUE BETO PARA CAIXA FAZENDA;R$ 4.446,12;D;54
504;1;03/02/2023;ENTRADA NO CAIXA SAQUE CNT BETO;R$ 4.446,12;C;55
505;1;03/02/2023;PG SALÁRIO VITOR - REF 30D;R$ 2.344,00;D;18
506;1;03/02/2023;PG FAXINEIRA ANA;R$ 500,00;D;18
507;1;03/02/2023;PG SUPERMERCADO MAT LIMPEZA;R$ 103,00;D;27
508;1;03/02/2023;PG RESTAURANTE;R$ 98,00;D;40
509;1;03/02/2023;PG CONSERTO FREIO COMBI WCAR;R$ 394,00;D;27
510;1;03/02/2023;PG SERRALHERIA A.R.A;R$ 2.018,80;D;20
511;1;03/02/2023;PG BORRACHARIA BORGES;R$ 70,00;D;6
512;1;03/02/2023;PG POLIA BOMBA/FOLIAR;R$ 97,00;D;12
513;1;03/02/2023;PG MAQUININHA DJAVAN;R$ 529,00;D;18
514;5;03/02/2023;PG SALÁRIO JOSÉ VITOR 30D;R$ 2.344,00;D;18
579;5;03/03/2023;PG INSS EVELINE;R$ 432,41;D;15
580;5;03/03/2023;PG INSS BRUNA;R$ 181,30;D;15
581;5;03/03/2023;PG SALÁRIO JOSÉ VITOR CH815;R$ 2.344,00;D;18
582;5;03/03/2023;PG SALÁRIO JOÃO VITOR CH815;R$ 1.655,92;D;18
583;5;03/03/2023;PG SALÁRIO RONALDO CH817;R$ 1.774,00;D;18
584;5;03/03/2023;PG ANA FAXINEIRA CH818;R$ 500,00;D;18
585;5;03/03/2023;PG SUPERMERCADO CH 819;R$ 178,00;D;27
586;5;03/03/2023;PG RESTAURANTE CH820;R$ 102,00;D;40
587;5;03/03/2023;PG BORRACHARIA BORGES CH821;R$ 90,00;D;6
588;5;03/03/2023;PG RONALDO HERBICIDA CH822;R$ 80,00;D;27
589;5;03/03/2023;PG DJAVAN MAQUININHA CH 823;R$ 685,00;D;27
590;5;06/03/2023;PG JOCAPE NF7700 CABO DESAME;R$ 320,00;D;48
591;5;06/03/2023;PG INSS JOÃO GUILHERME;R$ 144,03;D;15
592;5;06/03/2023;PG INSS JOÃO FRANCISO;R$ 144,03;D;15
593;5;06/03/2023;PG CGNET INTERNET;R$ 155,00;D;21
594;5;06/03/2023;PG INSS ANA CECILIA;R$ 195,51;D;15
595;5;06/03/2023;PG FGTS BRUNA;R$ 137,32;D;13
596;5;06/03/2023;PG EXAME ADMISSIONAL 3FUN /PIXHUG;R$ 150,00;D;27
597;14;06/03/2023;TAXA ANUIDADE CARTÃO C/ CANCELADO;R$ 33,25;D;51
598;14;10/03/2023;PG POSTO PHILADELPHIA NF1272;R$ 1.387,26;D;1
599;14;10/03/2023;PG DIXINI NF19337 EIXO TRATOR LS2;R$ 395,45;D;28
600;14;08/03/2023;PG HONORÁRIO ADCON - ADELSON;R$ 320,00;D;9
601;14;08/03/2023;PG HONORÁRIO ADCON - JOÃO G;R$ 320,00;D;9
602;5;08/03/2023;PG DIVERSOS COCATREL - EVELINE;R$ 639,05;D;48
603;5;08/03/2023;PG DIVERSOS COCATREL - ROBERTO;R$ 1.039,41;D;48
604;5;10/03/2023;TÁRIFA BANCÁRIA;R$ 16,00;D;30
605;14;15/03/2023;PG JOCAPE NF7735 BALDE DE GRAXA;R$ 735,00;D;48
606;14;15/03/2023;PG MINASUL NF380908 OPERA E FOLIA;R$ 6.315,50;D;32
607;14;15/03/2023;PF CAFEBRASIL NF30816 - BR BORO;R$ 4.510,30;D;32
608;14;15/03/2023;PG PRESTAÇÃO DE SERVIÇO;R$ 700,00;D;48
609;14;15/03/2023;PG CEMIG ANA CECÍLIA TOTO II;R$ 458,31;D;10
610;14;16/03/2023;PG FRETE P/ ROGER VGA-CORREGO OUR;R$ 700,00;D;22
644;5;05/04/2023;PG AGUEDA NF1182 DIVERSOS;R$ 480,00;D;48
645;5;06/04/2023;PG POSTO PHILADELPHIA NF1282;R$ 1.640,21;D;1
646;5;05/04/2023;PG IPVA STRADA;R$ 2.170,76;D;16
647;5;05/04/2023;PG VISITA AGRONOMO RONALDO;R$ 700,00;D;5
648;5;03/04/2023;PG SALÁRIO VITOR 29D CH824;R$ 2.266,06;D;18
649;5;03/04/2023;PG SALÁRIO JOSÉ VITOR 30D CH825;R$ 2.344,00;D;18
650;5;03/04/2023;PG SALÁRIO JOSÉ ORLANDO 28D CH826;R$ 1.655,92;D;18
651;5;03/04/2023;PG SALÁRIO DJAVAN 30D CH827;R$ 1.774,00;D;18
652;5;03/04/2023;PG SALÁRIO JOÃO VITOR 30D CH828;R$ 1.774,00;D;18
653;5;03/04/2023;PG SALÁRIO RONALDO 30D CH829;R$ 1.774,00;D;18
654;5;03/04/2023;PG ANA FAXINEIRA CH830;R$ 500,00;D;18
655;5;03/04/2023;PG SUPERMERCADO MAT. LIMPZ CH830;R$ 146,00;D;27
656;5;03/04/2023;PG RESTAURANTE CH832;R$ 98,00;D;40
657;5;03/04/2023;PG BORRACHARIA BORGES CH833;R$ 85,00;D;6
658;5;03/04/2023;PG WILSON CORTAR LENHA CH834;R$ 350,00;D;27
659;5;03/04/2023;PG RONALDO HERBICIDA CH835;R$ 200,00;D;27
660;5;03/04/2023;PG DJAVAN MAQUININHA GRAMA CH836;R$ 250,00;D;27
661;5;03/04/2023;PG ZE DO DAO COM. DE LENHA CH837;R$ 300,00;D;27
662;1;11/04/2023;PG CARTÓRIO REC. FIRMA ADELSON JR;R$ 19,50;D;27
663;5;10/04/2023;PAG TARIFA BANCÁRIA;R$ 16,00;D;51
664;5;13/04/2023;PG IPVA MOTO TITAN 125;R$ 103,18;D;16
665;5;13/04/2023;PG IPVA MOTO DT180;R$ 56,84;D;16
666;5;13/04/2023;PG JOCAPE NF7859 BUCHA HASTE;R$ 1.000,00;D;48
667;5;13/04/2023;PG AGROVIVA NF12464;R$ 2.495,00;D;32
668;5;14/04/2023;PG DIXINI NF19457 DIVER P REVISAO;R$ 289,08;D;48
669;5;14/04/2023;PG MINASUL NF391618 FOLIAR ETHREL;R$ 2.178,00;D;31
670;5;14/04/2023;PG INSS EVELINE;R$ 432,41;D;15
671;5;14/04/2023;PG INSS ROBERTO;R$ 308,42;D;15
672;5;14/04/2023;PG PRESTAÇÃO DE SERVIÇO P FAZENDA;R$ 700,00;D;27
673;5;19/04/2023;PG SEMAD OUTORGA PAST IRIA - JR;R$ 30,22;D;14
674;5;19/04/2023;PG IGAM OUTORGA PASTO IRIA - JR;R$ 1.732,69;D;14
675;5;19/04/2023;PG ART OUTORGA PASTO IRIA - JR;R$ 96,62;D;14
676;5;19/04/2023;PG CONFIANÇA AGR. REVISAO COLHEIT;R$ 4.830,00;D;58
677;5;26/04/2023;PG AGROPEÇAS NF13710 DIVERSOS;R$ 1.920,48;D;48
678;5;28/04/2023;PG TELEFONE VIVO;R$ 109,64;D;21
679;5;25/04/2023;PG AGRONOMO+ AMOSTRA SOLO;R$ 1.240,00;D;5
680;15;02/05/2023;ENTRADA APORTE CAPITAL JOÃO F;R$ 40.000,00;C;49
681;15;02/05/2023;TARIFA BANCARIA - TALÃO CHEQUE;R$ 17,25;D;51
682;15;02/05/2023;FGTS ADELSON JUNIOR;R$ 134,86;D;13
683;15;02/05/2023;PG INSS ADELSON JUNIOR;R$ 177,70;D;15
684;15;02/05/2023;PG FGTS BRUNA ZONTA;R$ 137,32;D;13
685;15;02/05/2023;PG INSS BRUNA ZONTA;R$ 181,30;D;15
686;15;02/05/2023;PG CEMIG PASTO IRIA - ROBERTO;R$ 242,14;D;10
687;15;02/05/2023;PG FGTS EVELINE;R$ 322,39;D;13
688;15;02/05/2023;PG FGTS ROBERTO;R$ 220,46;D;13
689;15;02/05/2023;PG HONORÁRIO CONTADOR ORLANDO;R$ 65,00;D;9
690;15;02/05/2023;PG HONORÁRIO ORLANDO - EVELINE;R$ 131,00;D;9
691;15;02/05/2023;PG INTERNET;R$ 155,00;D;21
692;15;02/05/2023;PG COPERADO COOPERCITRUS - JUNIOR;R$ 300,00;D;27
693;15;02/05/2023;PG ROLMASTER NF27419 FILTRO, AR;R$ 788,80;D;48
694;15;02/05/2023;PG OLEO DISEL NF219119 SANTANA;R$ 11.100,00;D;37
695;15;02/05/2023;PG V.F NF39057 LAMINA BUSSOLA;R$ 789,50;D;48
696;15;03/05/2023;ENTRADA APORTE CAPITAL ADELSON;R$ 40.000,00;C;49
697;15;03/05/2023;PG SALÁRIO HUGO - 30 D;R$ 2.755,00;D;18
698;15;03/05/2023;PG SERRALHERIA ARA;R$ 680,00;D;48
699;15;03/05/2023;PG JOCAPE NF8092 ENGRAX, ROLAMENT;R$ 1.854,18;D;48
700;15;03/05/2023;PG REEMBOLSO NOTAS COCATREL HUGO;R$ 413,20;D;48
701;15;03/05/2023;PG AGUEDA NF1203 BROCA, ADAPT;R$ 109,65;D;48
702;15;03/05/2023;PG POSITIVA NF104 - STRADA;R$ 1.100,00;D;41
703;15;03/05/2023;PG GILBERTO NF179- MOTOR SECADORA;R$ 2.020,00;D;28
704;14;03/05/2023;PG IR ROBERTO;R$ 46,34;D;14
705;15;03/05/2023;PG HONORÁRIO ADCON - ADELSON;R$ 320,00;D;9
706;15;05/05/2023;PG OFICINA TORNO E SOLDA (TORNO);R$ 370,00;D;27
707;15;05/05/2023;PG COMBUSTIVEL NF1289 PHILADEPHIA;R$ 1.902,63;D;1
708;15;05/05/2023;PG FERMETEL NF7585 REFLETOR ETC;R$ 470,60;D;48
709;5;05/05/2023;PG SALÁRIO JOSÉ ORLANDO 30D CH838;R$ 1.774,00;D;18
710;5;05/05/2023;PG SALÁRIO DJAVAN 30D CH839;R$ 1.774,00;D;18
711;5;05/05/2023;PG JOÃO VITOR 30D CH840;R$ 1.774,00;D;18
712;5;05/05/2023;PG SALÁRIO RONALDO 29D CH841;R$ 1.715,00;D;18
713;5;05/05/2023;PG ANA FAXINEIRA CH842;R$ 500,00;D;18
714;5;05/05/2023;PG SUPERMERCADO MAT LIMPEZA CH844;R$ 175,00;D;27
715;5;05/05/2023;PG RESTAURANTE CH844;R$ 98,00;D;40
716;5;05/05/2023;PG BORRACHARIA BORGES CH845;R$ 70,00;D;6
717;5;05/05/2023;PG DJAVAN MAQUININHA BROTAS CH846;R$ 460,00;D;27
718;15;05/05/2023;PG COLHEITA MILHO CÉLIO;R$ 1.440,00;D;50
719;15;05/05/2023;PG SALÁRIO VITOR CH7005 30D;R$ 2.344,00;D;18
720;15;05/05/2023;PG SALÁRIO JOSÉ VITOR CH7006 30D;R$ 2.344,00;D;18
721;15;10/05/2023;PG ADRIANO REVISÃO MIAC;R$ 4.500,00;D;59
723;15;10/05/2023;PG SANTOS TRATORES NF62 REVISAO;R$ 4.289,00;D;58
724;5;10/05/2023;PG CONTRIBUIÇÃO SENAR - EVELINE;R$ 157,71;D;14
725;15;10/05/2023;ENTRADA BENEFICIO COOXUPE;R$ 5.722,86;C;60
727;15;11/05/2023;PG SANDRO REVISAO COLHEITADEIRAS;R$ 12.600,00;D;58
728;15;11/05/2023;PG SHOPPING MAQ NF111PROD REVISAO;R$ 13.297,72;D;48
729;15;11/05/2023;PG DIXINI NF19543 BARRA E ETC;R$ 292,70;D;48
730;15;11/05/2023;PG AGROVIVA NF12574 ZARTAN, GLIAL;R$ 2.210,00;D;32
731;15;11/05/2023;PG LSTRACTOR NF8919 BOMBA DAGUA;R$ 900,00;D;48
732;15;11/05/2023;PG OUTORGA INLOCO 50% ADIANTADO;R$ 1.500,00;D;27
733;15;11/05/2023;PG FERMATEL NF26896 CHAVE,TERMINA;R$ 1.598,88;D;48
734;15;10/05/2023;TARIFA BANCÁRIA PACOTE SERVIÇOS;R$ 16,00;D;51
735;15;12/05/2023;PG DEVANIR CONSERTO EIXO KTR;R$ 650,00;D;58
736;15;12/05/2023;PG COCATREL EVELINE - DIVERSOS;R$ 448,23;D;48
737;15;12/05/2023;PG COCATREL ROBERTO - DIVERSOS;R$ 878,80;D;48
833;15;03/07/2023;PG ROLMASTER NF28633 FILTRO, OLEO;R$ 1.188,47;D;48
1331;15;13/12/2023;PG SANTANA PETROLEO NF 232054;R$ 11.407,44;D;37
1332;15;13/12/2023;PG ADIANTAMENTO SALARIO HUGO JAN;R$ 2.000,00;D;18
834;15;03/07/2023;PG CAFEBRASIL NF12838 VICA CAFE;R$ 2.214,00;D;31
835;15;03/07/2023;PG DIXINI NF19625 MANDRIL, BARRA;R$ 180,03;D;48
836;15;03/07/2023;PG HONORÁRIO ORLANDO - ROBERTO;R$ 66,00;D;9
837;15;03/07/2023;PG PINHALENSE NF13632 FITA;R$ 76,00;D;48
838;15;03/07/2023;PG V.F NF39987 ROLAMENTO E EMENDA;R$ 434,68;D;48
839;15;03/07/2023;PG INTERNET CGNET;R$ 155,00;D;21
840;15;03/07/2023;PG INSS EVELINE;R$ 431,87;D;15
841;15;03/07/2023;PG INSS ROBERTO;R$ 338,91;D;15
842;15;03/07/2023;PG HONORÁRIO ORLANDO EVELINE;R$ 132,00;D;9
843;15;03/07/2023;PG ALIANÇA NF8267 PLACA, MANCAL;R$ 3.890,87;D;48
844;15;03/07/2023;PG SEGURO R60 LS TRACTOR /ANA C;R$ 1.004,45;D;29
845;15;03/07/2023;PG HONORÁRIO ADCON;R$ 320,00;D;9
846;15;03/07/2023;PG SANTANA OLEO DISEL NF222387;R$ 9.200,00;D;37
847;15;03/07/2023;PG JOCAPE NF8465 RETENTOR, MANCAL;R$ 1.419,30;D;48
848;15;03/07/2023;PG FGTS EVELINE;R$ 322,39;D;13
849;15;03/07/2023;PG FGTS ROBERTO;R$ 220,46;D;13
850;15;03/07/2023;PG CEMIG PASTO IRIA - ROBERTO;R$ 1.871,16;D;10
851;15;03/07/2023;PG SALÁRIO VITOR DOS REIS 30D;R$ 4.000,00;D;18
852;15;03/07/2023;PG SALDO SALÁRIO HUGO 30D;R$ 1.800,00;D;18
853;15;03/07/2023;PG SALÁRIO ROGÉRIO 30D;R$ 3.674,00;D;18
854;15;03/07/2023;REC ICMS 500 SACAS COOXUPE;R$ 4.668,00;C;65
855;15;05/07/2023;PAGAMENTO JOSÉ VITOR 30D;R$ 4.000,00;D;18
856;15;05/07/2023;PG SALÁRIO JOÃO VITOR 30D;R$ 3.800,00;D;18
857;15;05/07/2023;PG SALÁRIO BRUNO 30D;R$ 2.000,00;D;18
858;15;05/07/2023;PG SERRALHERIA A.R.A;R$ 1.802,15;D;64
859;15;05/07/2023;PG ANA FAXINEIRA;R$ 620,00;D;27
860;15;06/07/2023;REC SALDO 500 SACAS CPR 16148;R$ 448.450,00;C;25
861;15;05/07/2023;PG SALÁRIO JOSÉ ORLANDO 30D;R$ 3.800,00;D;18
862;15;05/07/2023;PG SALÁRIO DARCIO 30D;R$ 3.800,00;D;18
863;15;05/07/2023;PG RESTAURANTE;R$ 153,00;D;40
864;15;05/07/2023;PG SALÁRIO DJAVAN CHEQUE;R$ 4.000,00;D;18
865;15;05/07/2023;PG SALÁRIO RONALDO CHEQUE;R$ 3.800,00;D;18
738;15;12/05/2023;PG PRESTAÇÃO DE SERVIÇO FAZENDA;R$ 700,00;D;27
739;15;18/05/2023;ENTRADA EMPESTIMO ADELSON JR;R$ 20.000,00;C;61
740;10;15/05/2023;PG FINAME TRATOR;R$ 10.842,37;D;56
741;10;15/05/2023;ENTRADA APORTE JOÃO P/PG FINAME;R$ 10.842,37;C;49
742;15;19/05/2023;PG IPIRANGA PNEUS NF10298 COL KRT;R$ 7.000,00;D;48
743;15;19/05/2023;PG INSS ROBERTO;R$ 308,42;D;15
744;15;19/05/2023;PG INSS EVELINE;R$ 432,41;D;15
745;15;19/05/2023;PG COLHEITA MANUAL 492,5 + FRETE;R$ 12.972,50;D;62
746;15;24/05/2023;PG ROLMASTER PARAFUSO;R$ 16,12;D;48
747;15;24/05/2023;PG 1º PARC SEGURO STRADA;R$ 792,94;D;29
748;15;24/05/2023;PG SEVERSIDE LEITORA CERT DIGITAL;R$ 127,00;D;48
749;15;25/05/2023;REEMBOLSO EMPRESTIMO P ADELSON JR;R$ 20.000,00;D;61
750;15;24/05/2023;REC VENDA 250 SC CONTRATO 299;R$ 296.731,25;C;25
751;15;24/05/2023;PG VISITA AGRONOMO RONALDO;R$ 700,00;D;5
752;15;26/05/2023;PG COCATREL 35TON NITRATO ROBERTO;R$ 56.917,00;D;4
753;15;26/05/2023;PG COCATREL 35TON NITRATO EVELINE;R$ 56.917,00;D;4
754;15;26/05/2023;PG SALDO OUTORGA IRRIGAÇÃO INLOCO;R$ 1.500,00;D;27
755;15;31/05/2023;REC VENDA 500 SC CONTRATO 291;R$ 588.537,50;C;25
756;15;30/05/2023;PG EFERTIL 45TON DE GESSO 145,00;R$ 6.525,00;D;7
757;15;01/06/2023;PG ESTERCO - JOSE GERALDO;R$ 10.000,00;D;11
758;15;02/06/2023;PAG HONORÁRIO ORLANDO - ROBERTO;R$ 66,00;D;9
759;15;02/06/2023;PAG CEMIG ROBERTO PASTO IRIA;R$ 287,65;D;10
760;15;01/06/2023;REEMBOLSO APORTE CAPITAL JOÃO F;R$ 10.842,37;D;49
761;15;01/06/2023;PG SALÁRIO HUGO 30D;R$ 3.800,00;D;18
762;15;01/06/2023;PG SALÁRIO VITOR 30 D;R$ 4.000,00;D;18
763;15;01/06/2023;PG SALÁRIO JOSÉ VITOR 30D;R$ 4.000,00;D;18
764;15;01/06/2023;PG SALÁRIO JOSÉ ORLANDO CH709;R$ 3.800,00;D;18
765;15;01/06/2023;PG SALÁRIO DJAVAN CH70009;R$ 4.000,00;D;18
766;15;01/06/2023;PG SALÁRIO JOÃO VITOR (PIX)30D;R$ 3.800,00;D;18
767;15;01/06/2023;PG SALÁRIO RONALDO CH700007;R$ 3.800,00;D;18
768;15;01/06/2023;PG SALÁRIO JOÃOZINHO CH70008;R$ 4.000,00;D;18
866;15;05/07/2023;PG SALÁRIO JOÃOZINHO CHEQUE;R$ 3.866,00;D;18
867;15;05/07/2023;PG SALÁRIO JOÃO PAULO CHEQUE;R$ 4.000,00;D;18
868;15;05/07/2023;PG SALÁRIO WANDERSON CHEQUE;R$ 4.000,00;D;18
869;15;05/07/2023;PG SUPERMERCADO CHEQUE;R$ 1.300,00;D;27
870;15;05/07/2023;PG BORRACHARIA BORGES;R$ 380,00;D;6
871;15;05/07/2023;PG EXAME MEDICO DJAVAN;R$ 50,00;D;27
872;15;07/07/2023;PG FGTS BRUNA ZONTA;R$ 137,32;D;13
873;15;07/07/2023;PG FGTS ADELSON JUNIOR;R$ 263,82;D;13
874;15;10/07/2023;PG NF120 POSITIVA AUTOCEN STRADA;R$ 393,00;D;27
875;15;10/07/2023;PG QUINTA COLHEITA MANUAL;R$ 27.598,00;D;62
876;15;10/07/2023;PG ARMAZENAGEM ALAMEDA;R$ 2.976,52;D;24
877;15;07/07/2023;TÁRIFA BANCÁRIA TED;R$ 6,00;D;51
878;15;07/07/2023;PG AUTO PRÇAS FEIJÃOZINHO DIVERSO;R$ 1.365,00;D;28
879;5;10/06/2023;TÁRIFA BANCÁRIA;R$ 16,00;D;51
880;15;12/07/2023;PG DIVERSOS COCATREL ROBERTO;R$ 966,97;D;48
881;15;12/07/2023;PG COCATREL DIVERSOS EVELINE;R$ 894,41;D;48
882;15;12/07/2023;PG FRETE ESTERCO GALINHA;R$ 2.216,29;D;22
883;15;12/07/2023;PG ESTERCO GALINHA EFERTIL;R$ 4.676,62;D;11
884;15;12/07/2023;PG AGUEDA NF1247 DIVERSOS;R$ 710,00;D;48
885;15;12/07/2023;PG PHILADELPHIA NF1317;R$ 2.434,18;D;1
886;15;12/07/2023;PG PRESTAÇÃO SERVIÇO;R$ 700,00;D;53
887;15;13/07/2023;RETIRADA PARTE APORTE ADELSON;R$ 58.980,00;D;68
888;15;10/07/2023;RETIRADA APORTE ADELSON (61.020);R$ 10.000,00;D;68
889;15;18/07/2023;REC CRÉDITO ICMS COOXUPÉ;R$ 4.287,80;C;65
890;15;18/07/2023;PG ALAMEDA ARMAZEM - LIGA CAFÉ;R$ 2.275,00;D;24
891;15;18/07/2023;PG VISITA AGRONOMO RONALDO;R$ 700,00;D;5
892;15;20/07/2023;PG HIDRAULICA VGA NF3036 DIVERSOS;R$ 950,00;D;48
893;15;20/07/2023;PG GEAGRO NF148805 OCHIMA;R$ 932,00;D;47
894;15;20/07/2023;PG GEAGRO NF148807 CURYON/PRIORI;R$ 9.063,00;D;40
895;15;20/07/2023;PG SHOP. MAQUINARIO NF1128799;R$ 875,20;D;48
896;15;21/07/2023;PG SEGURO LS TRACTOR ADELSON JR;R$ 1.309,33;D;29
897;15;21/07/2023;PG VF PEÇAS NF40227 DIVERSOS;R$ 402,30;D;48
769;15;01/06/2023;PG SALÁRIO DALCIO (PIX) 30D;R$ 3.800,00;D;18
770;15;01/06/2023;PG SALÁRIO ROGÉRIO (PIX) 30D;R$ 3.800,00;D;18
771;15;01/06/2023;PG SALÁRIO JOÃO P CH70010;R$ 4.000,00;D;18
772;15;01/06/2023;PG SALÁRIO WANDERSON CH70011;R$ 2.000,00;D;18
773;15;01/06/2023;PG SERRALHERIA A.R.A;R$ 1.937,00;D;27
774;15;01/06/2023;PG DIAS MAQUINA RECATA CH70012;R$ 1.750,00;D;27
775;5;01/06/2023;PG SALÁRIO BRUNO;R$ 900,00;D;18
776;5;01/06/2023;PG ANA FAXINEIRA;R$ 500,00;D;27
777;5;01/06/2023;PG SUPERMERCADO;R$ 730,00;D;63
778;5;01/06/2023;PG RESTAURANTE;R$ 103,00;D;40
779;5;01/06/2023;PG BORRACHARIA BORGES;R$ 875,00;D;6
780;5;01/06/2023;PG NEY SERRALHEIRO;R$ 1.600,00;D;64
781;5;01/06/2023;PG EXAME MEDICO WANDERSON;R$ 100,00;D;27
782;15;02/06/2023;PG HONORÁRIO ORLANDO;R$ 132,00;D;9
783;15;05/06/2023;PG HONORÁRIO ADCON;R$ 320,00;D;9
784;15;05/06/2023;PG FGTS BRUNA ZONTA;R$ 137,32;D;13
785;15;05/06/2023;PG SHOPPING MAQ NF129 DIVERSOS;R$ 1.709,47;D;48
786;15;05/06/2023;PG ROLMASTER NF27863 TROCA OLEO T;R$ 525,60;D;58
787;15;05/06/2023;PG INTERNET FAZENDA;R$ 155,00;D;21
788;15;05/06/2023;PG 3PONTAS DISEL NF25767 ELETRICA;R$ 535,39;D;58
789;15;07/06/2023;PG SEGUNDA COLHEITA MANUAL;R$ 31.281,00;D;62
790;15;09/06/2023;PG INSS BRUNA ZONTA;R$ 181,03;D;15
791;15;07/06/2023;PG NOTAS COCATREL REEMB. HUGO;R$ 2.047,10;D;48
792;15;09/06/2023;PG PINHALENSE NF13262 LAVADOR CF;R$ 246,00;D;48
793;15;09/06/2023;PG SHOPPING MAQ NF142 KTR;R$ 1.332,58;D;48
794;15;09/06/2023;PG PINHALENSE NF13376 MOLA;R$ 87,50;D;48
795;15;09/06/2023;PG PALINI NF1020 P/ROSCA DESPO;R$ 1.100,00;D;48
796;15;09/06/2023;PG GILBERTO NF190 REVISAO MOTOR;R$ 1.080,00;D;58
797;15;09/06/2023;PG AGUEDA NF1224 DIVERSOS;R$ 1.040,00;D;48
798;15;09/06/2023;PG POSTO PHILADELPHIA NF1303;R$ 3.980,02;D;1
799;15;09/06/2023;PG ARMAZENAGEM ALAMEDA NF9725;R$ 6.330,81;D;24
800;15;09/06/2023;PG INSS ROBERTO;R$ 338,91;D;15
801;15;09/06/2023;PG INSS EVELINE;R$ 431,87;D;15
898;15;21/07/2023;PG TRANSPORTE REVOLUÇÃO;R$ 1.125,00;D;22
899;15;21/07/2023;PG BORRACHARIA TRATOR;R$ 80,00;D;6
900;15;21/07/2023;PG HIDRAUMINAS NF3052 DIVERSOS;R$ 550,00;D;48
901;15;26/07/2023;PG AUTO ELETRICA / REEMB HUGO;R$ 980,00;D;48
902;15;27/07/2023;PG HIDRAULICA / REPARO MOTOR;R$ 564,62;D;48
903;15;27/07/2023;PG FRETE MADEIRA P FAZENDA;R$ 500,00;D;22
906;15;31/07/2023;RET PARTE AP. CAPITAL JOÃO (F30K);R$ 100.000,00;D;49
907;15;31/07/2023;PG SANTANA OLEO DISEL NF223954;R$ 9.300,00;D;37
908;15;31/07/2023;PG REVOLUÇÃO TRANSPORTE FAT 566;R$ 900,00;D;22
909;15;21/07/2023;PG ROLLMASTER NF27862;R$ 1.060,00;D;48
910;15;25/07/2023;TÁRIFA BANCÁRIA;R$ 16,00;D;51
911;6;14/07/2023;REC 250 SACAS COOXUPE 039607976;R$ 243.787,50;C;25
912;6;21/07/2023;REC ACRESCIMO 50KG COOXUPE;R$ 812,62;C;25
913;6;31/07/2023;RET APORTE CAPITAL SALDO TOTAL;R$ 130.000,00;D;49
914;14;12/05/2023;TARIFA BANCÁRIA - REF ABRIL;R$ 79,60;D;51
915;14;12/07/2023;TÁRIFA BANCÁRIA REF MAIO/23;R$ 79,60;D;51
916;14;12/06/2023;TÁRIFA BANCÁRIA REF JUN/23;R$ 76,11;D;51
802;15;09/06/2023;PG SANTANA PETROLEO NF220864;R$ 9.300,00;D;37
803;15;09/06/2023;PG V.F NF39663 DIVERSOS;R$ 4.223,44;D;48
804;15;09/06/2023;PG TERCEIRA COLHEITA MANUAL;R$ 26.850,00;D;62
805;15;09/06/2023;PG COCATREL ROBERTO DIVERSOS;R$ 764,72;D;48
806;15;09/06/2023;PG COCATREL EVELINE DIVERSOS;R$ 601,04;D;48
808;15;14/06/2023;PG FRETE GESSO FAZENDA;R$ 5.398,80;D;22
809;15;14/06/2023;PG OFICINA PEDROCA DIVERSOS;R$ 5.302,00;D;28
810;15;14/06/2023;PG JOCAPE NF8328,8204,8274,8396;R$ 3.264,27;D;48
811;15;14/06/2023;PG FGTS EVELINE;R$ 340,28;D;13
812;15;14/06/2023;PG FGTS ROBERTO;R$ 232,70;D;13
813;15;14/06/2023;PG CARTÓRIO VGA PROCURAÇÃO JR;R$ 202,89;D;27
814;15;14/06/2023;PG PRESTAÇÃO SERVIÇOS FAZENDA;R$ 700,00;D;53
815;15;15/06/2023;PG VISITA AGRONOMO RONALDO;R$ 700,00;D;5
816;15;14/06/2023;CRÉDITO ICMS 500 SCS S/PREMIUM;R$ 5.984,76;C;65
817;15;15/06/2023;PG TRANSPORTE REVOLUÇÃO;R$ 6.201,00;D;22
1358;9;05/12/2023;SALÁRIO VITOR 30D;R$ 2.344,00;D;18
818;15;14/06/2023;PG COLHEITA MILHO  - LAZARO;R$ 601,00;D;50
819;5;12/06/2023;TARIFA BANCARIA PACOTE SERVIÇOS;R$ 16,00;D;51
820;15;22/06/2023;PG ESTERCO JOSÉ GERALDO;R$ 5.000,00;D;11
821;15;23/06/2023;PG FEIJÃOZINHO CONSERTOS DIVERSOS;R$ 2.332,00;D;48
822;15;23/06/2023;PG PALINI NF149093 REDUTOR;R$ 1.920,60;D;48
823;15;23/06/2023;PG AGROGENIUS CONSULTORIA E RFA;R$ 8.728,65;D;66
824;15;23/06/2023;PG GRÃO DE OURO CERTERO;R$ 2.147,79;D;67
825;15;23/06/2023;RECEBIMENTO 500 SACAS CPR 16148;R$ 485.950,00;C;25
826;15;22/06/2023;RECEBIMENTO PREMIUM 750 SACAS;R$ 40.631,25;C;25
827;15;23/06/2023;PG QUARTA COLHEITA MANUAL OTAVIO;R$ 45.370,00;D;62
828;15;26/06/2023;ADIANTAMENTO SALÁRIO HUGO;R$ 2.000,00;D;18
829;15;30/06/2023;PG REVOCIONAL TRANSPORTADORA;R$ 2.353,00;D;22
830;15;30/06/2023;PG MOTO PEÇAS CONSERTOS DIVERSOS;R$ 3.175,00;D;48
831;15;03/07/2023;PG 2º PARCELA SEGURO STRADA;R$ 792,94;D;29
832;15;03/07/2023;PG MONTEALEGRE NF7467/609 ELASTOM;R$ 4.100,00;D;37
1063;15;01/08/2023;REC DIFERENÇA ICMS COOXUPE;R$ 9,03;C;65
1064;15;03/08/2023;RET. SALDO APORTE CAPITAL JOÃO F;R$ 30.000,00;D;49
1065;15;03/08/2023;PG SALÁRIO HUGO 30D;R$ 3.800,00;D;18
1066;15;03/08/2023;PG SALÁRIO VITOR 30D;R$ 4.000,00;D;18
1067;15;03/08/2023;PG SALÁRIO JOSÉ VITOR 29D;R$ 3.867,00;D;18
1068;15;03/08/2023;PG SALÁRIO JOÃO VITOR 30D;R$ 3.800,00;D;18
1069;15;03/08/2023;PG SERRALHERIA ARA;R$ 855,30;D;64
1070;15;03/08/2023;PG ANA FAXINA;R$ 560,00;D;27
1071;15;03/08/2023;PG SALÁRIO DARCIO 30D;R$ 3.800,00;D;18
1072;15;03/08/2023;PG SALÁRIO JOSÉ ORLANDO 29D;R$ 3.674,00;D;18
1073;15;03/08/2023;PG SALÁRIO DJAVAN 30D;R$ 4.000,00;D;18
1074;15;03/08/2023;PG SALÁRIO RONALDO 29D;R$ 3.674,00;D;18
1075;15;03/08/2023;PG SALÁRIO JOÃOZINHO 30D;R$ 4.000,00;D;18
1076;15;03/08/2023;PG SALÁRIO ROGÉRIO 30D;R$ 3.800,00;D;18
1077;15;03/08/2023;PG SALÁRIO JOÃO PAULO 30D;R$ 4.000,00;D;18
1078;15;03/08/2023;PG SALÁRIO WANDERSON 29D;R$ 3.867,00;D;18
1079;15;03/08/2023;PG SALÁRIO BRUNO 30D;R$ 2.000,00;D;18
1080;15;03/08/2023;PG SUPERMERCARDO;R$ 1.428,60;D;63
1081;15;03/08/2023;PG RESTAURANTE;R$ 168,00;D;40
1082;15;03/08/2023;PG BORRACHARIA BORGES;R$ 613,00;D;6
1083;15;03/08/2023;PG FGTS EVELINE;R$ 322,39;D;13
1084;15;03/08/2023;PG FGTS ROBERTO;R$ 220,46;D;13
1085;15;03/08/2023;PG CONTADOR ORLANDO - ROBERTO;R$ 66,00;D;9
1086;15;03/08/2023;PG INSS ADELSON JUNIOR;R$ 609,32;D;15
1087;15;03/08/2023;PG FGTS ADELSON JUNIOR;R$ 457,25;D;13
1088;15;03/08/2023;PG FGTS BRUNA ZONTA;R$ 181,03;D;13
1089;15;03/08/2023;PG FGTS BRUNA REF JUL;R$ 137,32;D;13
1090;15;03/08/2023;PG INSS JUNIOR REF JUL;R$ 362,15;D;15
1091;15;03/08/2023;PG INSS BRUNA REF JUL;R$ 191,76;D;15
1092;15;03/08/2023;TARIFA FOLHA CHEQUE;R$ 9,60;D;51
1093;15;04/08/2023;PG TRES PONTAS DISEL NF026483;R$ 278,02;D;48
1094;15;04/08/2023;PG TAXA TED;R$ 6,00;D;51
1095;15;10/08/2023;REC SALDO CONTA SANTANDER JUNIOR;R$ 12,87;C;45
1096;15;10/08/2023;RET APORTE CAPITAL ADELSON;R$ 10.000,00;D;49
1097;15;11/08/2023;PG SEGURO STRADA;R$ 814,38;D;29
1099;15;11/08/2023;PG NF 27653 FERMATEL CABO, REATOR;R$ 923,25;D;48
1100;15;11/08/2023;PG CONTADOR ADCON ADELSON JR;R$ 320,00;D;9
1101;15;11/08/2023;PG CONTADOR ORLANDO - EVELINE;R$ 132,00;D;9
1102;15;11/08/2023;PG JOCAPE NF8637;R$ 450,00;D;48
1103;15;11/08/2023;PG POSTO PHILADELPHIA NF1334;R$ 1.875,95;D;1
1104;15;11/08/2023;PG ALAMEDA ARMAZENAGEM DIV NF;R$ 9.013,40;D;24
1105;15;11/08/2023;PG REVOLUÇÃO TRANSPORTES DIV NF;R$ 2.456,25;D;22
1106;15;11/08/2023;PG INTERNET FAZENDA;R$ 158,15;D;21
1107;15;11/08/2023;PG ESTERCO 20,62 TON X 350,00;R$ 7.217,00;D;11
1108;15;11/08/2023;PG ATUALIZAÇÃO CERTIF IN LOCO;R$ 2.000,00;D;69
1109;15;11/08/2023;PG INSS ROBERTO;R$ 338,91;D;15
1110;15;11/08/2023;PG INSS EVELINE;R$ 431,87;D;15
1111;15;11/08/2023;PG AGUEDA NF1268 DIVERSOS;R$ 1.080,00;D;48
1112;15;11/08/2023;PG TÁRIFAS BANCÁRIAS;R$ 16,00;D;51
1113;15;15/08/2023;PG COCATREL EVELINE;R$ 981,42;D;48
1359;9;05/12/2023;PG SALÁRIO ANA FAXINA;R$ 560,00;D;18
1114;15;15/08/2023;PG NOTAS COCATREL REEMB VITOR;R$ 218,46;D;48
1115;15;15/08/2023;PG VG AGRONEG. NF1455 FERTILIZANT;R$ 1.477,84;D;32
1116;15;16/08/2023;PG ULTIMA PARC TRATOR GLADSTON;R$ 32.000,00;D;34
1117;15;17/08/2023;RET APORTE CAPITAL ADELSON;R$ 10.000,00;D;49
1118;15;17/08/2023;PG SANTANA PETR. OLEO D NF225142;R$ 9.323,30;D;37
1119;15;17/08/2023;PG CEMIG SITIO  TOTO - VEN SET;R$ 854,23;D;10
1120;15;17/08/2023;PG CEMIG SITIO TOTO REF AGOSTO;R$ 2.996,42;D;10
1121;15;17/08/2023;PG CEMIG SITIO TOTO - JULHO;R$ 2.104,06;D;10
1122;15;17/08/2023;PG PRESTAÇÃO DE SERVIÇO;R$ 700,00;D;53
1123;15;18/08/2023;PG ARMAZE. ALAMEDA NF826  EVELINE;R$ 1.114,00;D;24
1124;15;22/08/2023;PG 2º ESTERCO 18, 91 TON X 350,00;R$ 6.618,50;D;11
1125;5;02/08/2023;REC 250 SC ATLANTICA NF039882641;R$ 140.362,49;C;25
1126;5;02/08/2023;REC 125 SC ATLANTICA NF039891641;R$ 70.181,23;C;25
1127;5;02/08/2023;REC 125 SC ATLANTICA NF039883042;R$ 70.181,24;C;25
1128;15;23/08/2023;PG VISITA AGRONOMO RONALDO;R$ 700,00;D;5
1129;15;15/08/2023;PG COCATREL ROBERTO - DIVERSOS;R$ 592,38;D;48
1130;14;10/08/2023;TRANSFERENCIA P/ SICOOB SALDO;R$ 12,87;D;45
1131;15;25/08/2023;PG WILLIAM SISTEMA REF AGOSTO;R$ 700,00;D;70
1132;15;28/08/2023;PG BORO, POTASSIO COOXUPE;R$ 224.000,00;D;4
1133;5;06/12/2022;PG FÉRIAS 30 DIAS RONALDO CH795;R$ 2.086,22;D;23
1134;5;12/12/2022;TÁXA BANCÁRIA;R$ 16,00;D;51
1135;15;29/08/2023;PG ROLMASTER DIV NF22840 E 29309;R$ 894,97;D;48
1136;15;30/08/2023;RETIRADA SALDO APORTE ADELSON;R$ 41.020,00;D;68
1137;15;30/08/2023;PG ALUG VARREDEIRA MOGIANA IVAN;R$ 35.000,00;D;43
1138;15;30/08/2023;PG ALUGUEL MIAC PEDRO MAQUINARIO;R$ 47.764,00;D;43
1139;15;30/08/2023;PG IPIRANGA PNEUS NF10745;R$ 1.736,52;D;48
1140;15;30/08/2023;PG IPIRANGA PNEUS NF10999;R$ 95,00;D;48
1141;15;30/08/2023;PG SEGURO VALTRA BF75 ADELSON JR;R$ 1.668,26;D;29
1142;15;30/08/2023;PG DIXINI NF19916 TUBO,CANTONEIRA;R$ 4.225,43;D;48
1143;15;30/08/2023;PG SERPENTININO E CALCARIO;R$ 9.000,00;D;4
1144;15;30/08/2023;PG FRETE CALCARIO;R$ 7.360,00;D;22
1145;15;30/08/2023;PG FRETE SERPENTININO;R$ 4.214,00;D;22
1146;15;31/08/2023;REC CAFÉ BUENO NF049403098 141SC;R$ 113.066,67;C;25
1147;15;30/08/2023;PG SEGURO MASSEY 2010 - ADELSON C;R$ 2.493,38;D;29
1149;9;31/08/2023;REC 769 SC BUENO NF040402450/750;R$ 615.200,00;C;25
1150;5;31/08/2023;REC 155 SC BUENO IARA NF040405775;R$ 124.000,00;C;25
1151;5;31/08/2023;REC EVELINE 260SC NF040405423/954;R$ 200.000,00;C;25
1152;6;30/08/2023;REC 100SC BUENO NF040405954;R$ 80.000,00;C;25
1153;9;30/08/2023;RETIRADA PESSOAL ADELSON COSTA;R$ 215.000,00;D;71
1155;15;01/09/2023;PG PINHALENSE NF13951;R$ 240,00;D;48
1156;15;01/09/2023;PG SALÁRIO HUGO 30D;R$ 3.800,00;D;18
1157;15;01/09/2023;PG SALÁRIO VITOR 30D;R$ 4.000,00;D;18
1158;15;01/09/2023;PG SALÁRIO JOSÉ VITOR 29D;R$ 3.867,00;D;18
1159;15;01/09/2023;PG SALÁRIO JOSÉ ORLANDO 36D;R$ 3.800,00;D;18
1160;15;01/09/2023;PG SALÁRIO DJAVAN 30D;R$ 4.000,00;D;18
1161;15;01/09/2023;PG SALÁRIO JOÃO VITOR 30D;R$ 3.800,00;D;18
1162;15;01/09/2023;PG SALÁRIO RONALDO 29D;R$ 3.674,00;D;18
1163;15;01/09/2023;PG SALÁRIO JOÃOZINHO 30D;R$ 4.000,00;D;18
1164;15;01/09/2023;PG SALÁRIO DARCIO 29D;R$ 3.674,00;D;18
1165;15;01/09/2023;PG SALÁRIO ROGÉRIO 30D;R$ 3.800,00;D;18
1166;15;01/09/2023;PG SALÁRIO JOÃO PAULO 28D;R$ 3.734,00;D;18
1167;15;01/09/2023;PG SALÁRIO WANDERSON 30D;R$ 4.000,00;D;18
1168;15;01/09/2023;PG SALÁRIO BRUNO 18D;R$ 1.200,00;D;18
1169;15;01/09/2023;PG ANA FAXINEIRA;R$ 560,00;D;27
1170;15;01/09/2023;PG SUPERMERCADO MAT DE LIMPEZA;R$ 1.289,00;D;27
1171;15;01/09/2023;PG RESTAURANTE;R$ 128,00;D;40
1172;15;01/09/2023;PG SERRALHERIA ARA;R$ 808,00;D;64
1173;15;01/09/2023;PG BORRACHARIA BORGES;R$ 927,00;D;6
1174;15;11/09/2023;PG 1 E 2 BOLETO PETROLEO SANTANA;R$ 6.000,00;D;37
1175;15;11/09/2023;PG INTERNET FAZENDA;R$ 155,00;D;21
1176;15;11/09/2023;PG FGTS ADELSON JUNIOR;R$ 589,82;D;13
1177;15;09/09/2023;PG TRÊS PONTAS DISEL NF26699;R$ 200,00;D;48
1178;15;11/09/2023;PG SHOPPING MAQUINÁRIO NF194;R$ 865,04;D;48
1218;9;13/09/2023;PG COCATREL ROBERTO DIVERSOS;R$ 1.537,21;D;48
1179;15;15/09/2023;PG FGTS ADELSON JUNIOR;R$ 144,94;D;13
1180;15;11/09/2023;PG SEGURO STRADA HUGO;R$ 814,77;D;29
1181;15;11/09/2023;TÁRIFA BANCÁRIA;R$ 16,00;D;51
1182;15;22/09/2023;PG RENATO PNEUS NF1063;R$ 2.671,14;D;48
1183;15;22/09/2023;PG INSS ADELSON JUNIOR;R$ 169,33;D;15
1184;15;22/09/2023;PG IPIRANGA PNEUS NF10929;R$ 450,90;D;48
1185;15;22/09/2023;PG ESTERCO ROÇA - JOSÉ GERALDO;R$ 8.000,00;D;11
1186;15;25/09/2023;PG OFICINA PEDROCA CONSERTO GERAL;R$ 2.070,00;D;48
1187;15;29/09/2023;PG GECAL NF347205 CALCARIO;R$ 4.209,00;D;7
1188;15;29/09/2023;PG OFICINA DE TORNO CONSERTOS;R$ 710,00;D;48
1189;15;29/09/2023;PG GECAL NF 347057 CALCARIO;R$ 4.255,00;D;7
1190;9;12/09/2023;PG HONORARIO ORLANDO - ROBERTO;R$ 66,00;D;9
1191;9;12/09/2023;PG HONORÁRIO ORLANDO - EVELINE;R$ 132,00;D;9
1192;9;12/09/2023;PG HONORÁRIO ADCON - ADELSON JR;R$ 320,00;D;9
1193;9;12/09/2023;PG ROLMASTER NF29932;R$ 283,98;D;48
1194;9;12/09/2023;PG SALD PETROLEO SANTANA NF226954;R$ 6.000,00;D;37
1195;9;12/09/2023;PG MED TRES EXAMES MEDICOS;R$ 540,00;D;48
1196;9;12/09/2023;PG PRESTAÇÃO SERVIÇO FAZENDA;R$ 700,00;D;53
1197;9;15/09/2023;PG COMISSÃO SAFRA HUGO;R$ 31.600,00;D;52
1198;9;12/09/2023;PG AGUEDA NF1287 DIVERSOS;R$ 358,00;D;48
1199;9;12/09/2023;PG TODAS NF ALAMEDA CAFE;R$ 14.818,44;D;24
1200;9;13/09/2023;PG CEMIG REF 08,09 E 10 VISTA LAG;R$ 9.873,04;D;10
1201;9;12/09/2023;PG SOB MEDIDA PEÇAS TURBINA E CHA;R$ 1.548,00;D;48
1202;9;12/09/2023;PG CEMIG PASTO IRIA - ROBERTO;R$ 478,11;D;10
1203;9;12/09/2023;PG POSTO PHILADELPHIA NF1348;R$ 3.377,46;D;1
1204;9;12/09/2023;PG INSS/GPS EVELINE;R$ 431,87;D;15
1205;9;12/09/2023;PG INSS/GPS ROBERTO;R$ 338,91;D;15
1206;9;12/09/2023;PG CAFEBRASIL VICA CAFÉ;R$ 3.285,12;D;32
1207;9;12/09/2023;PG V.F NF40475 CABO ACERADOR;R$ 103,60;D;48
1208;9;12/09/2023;PG V.F NF40739 LAMINA E DEDO;R$ 642,56;D;48
1209;9;12/09/2023;PG COCATREL EVELINE DIVERSOS;R$ 221,45;D;48
1210;9;12/09/2023;PG PINHALENSE NF 14111 VAZADEIRA;R$ 443,03;D;48
1211;9;12/09/2023;PG ITR EVELINE BELEM;R$ 239,76;D;14
1212;9;12/09/2023;PG ITR EVELINE TOTO III;R$ 117,48;D;14
1213;9;12/09/2023;PG FGTS BRUNA;R$ 181,03;D;13
1214;9;12/09/2023;PG GEAGRO NF 150143 MIRAVIS DUO;R$ 8.000,00;D;47
1215;9;29/09/2023;RETIRADA LUCRO SOCIO JOÃO FRANCIS;R$ 29.000,00;D;71
1216;9;12/09/2023;PG INSS/GPS ADELSON JUNIOR;R$ 738,82;D;15
1217;9;28/09/2023;CONSERTO STRADA HUGO;R$ 1.800,00;D;41
1219;5;11/09/2023;TARIFA BANCÁRIA;R$ 14,85;D;51
1220;5;10/08/2023;TÁRIFA BANCÁRIA;R$ 16,00;D;51
1221;5;10/10/2023;TARIFA BANCÁRIA EVELINE;R$ 16,00;D;51
1222;5;10/07/2023;TARIFA BANCÁRIA;R$ 16,00;D;51
1223;9;10/10/2023;PG INSS BRUNA REF OUT;R$ 181,03;D;15
1224;9;10/10/2023;PG INSS ADELSON JR REF OUT;R$ 781,49;D;15
1225;9;10/10/2023;INSS ROBERTO GUEDES REF OUT;R$ 338,91;D;15
1226;9;10/10/2023;PG INSS EVELINE GUEDES REF OUT;R$ 431,87;D;15
1227;9;10/10/2023;PEÇA FÁCIL NF778 EMBREAGEM;R$ 381,50;D;41
1228;9;10/10/2023;PG HONORÁRIO ORLANDO EVELINE;R$ 132,00;D;9
1229;9;10/10/2023;PG HONORÁRIO ORLANDO - ROBERTO;R$ 66,00;D;9
1230;9;10/10/2023;PG HONORÁRIO ADCON;R$ 320,00;D;9
1231;9;10/10/2023;PG INTERNET FAZENDA;R$ 155,00;D;21
1232;9;10/10/2023;PG AGUEDA NF1304 DISCOS;R$ 192,00;D;48
1233;9;10/10/2023;PG AGROGENIUS CERTIF. RFA;R$ 14.000,00;D;66
1234;9;10/10/2023;PG POSTO PHILADELPHIA NF1365;R$ 1.956,65;D;1
1235;9;19/10/2023;PG ITR FAZENDA;R$ 32,08;D;14
1236;9;19/10/2023;PG ITR FAZENDA;R$ 64,16;D;14
1237;9;19/10/2023;PG ITR FAZENDA;R$ 48,12;D;14
1238;9;19/10/2023;PG SHOPPING MAQ NF2562;R$ 1.569,00;D;48
1239;9;25/10/2023;ADIANTAMENTO SALÁRIO HUGO;R$ 2.000,00;D;18
1240;9;30/10/2023;PG SANTANA PETROLEO NF1229764;R$ 11.700,00;D;37
1241;9;30/10/2023;PG ORLANDO HONORARIO REF NOV BETO;R$ 66,00;D;9
1242;9;30/10/2023;PG ORLANDO HONORARIO REF.NOV EVEL;R$ 132,00;D;9
1243;9;30/10/2023;PG CEMIG ROBERTO PASTO IRIA;R$ 425,97;D;10
1244;9;30/10/2023;PG FGTS ROBERTO;R$ 220,46;D;13
1245;9;30/10/2023;PG FGTS EVELINE;R$ 370,31;D;13
1246;9;10/10/2023;PG FÉRIAS JOSÉ VITOR MARTINS;R$ 2.790,66;D;23
1247;15;05/10/2023;PG SALÁRIO HUGO 30D;R$ 2.755,00;D;18
1248;15;05/10/2023;PG SALÁRIO VITOR 30D;R$ 2.344,00;D;18
1249;15;05/10/2023;PG SERRALHERIA ARA;R$ 1.344,00;D;64
1250;15;05/10/2023;PG SALÁRIO JOSÉ VITOR 30D;R$ 2.344,00;D;18
1251;15;06/10/2023;PG SALÁRIO JOÃO VITOR 30S;R$ 1.774,00;D;18
1252;15;06/10/2023;PG SALÁRIO JOSÉ ORLANDO 30D;R$ 1.774,00;D;18
1253;15;06/10/2023;PG HORA EXTRA JOSÉ ORLANDO;R$ 776,00;D;42
1254;15;06/10/2023;PG SALÁRIO ANA FAXINA;R$ 560,00;D;18
1255;15;06/10/2023;PG SALÁRIO WANDERSON CH700040 29D;R$ 2.266,06;D;18
1256;15;06/10/2023;PG COCATREL EVELINE COMPRAS DIV;R$ 635,25;D;48
1257;15;06/10/2023;PG COCATREL BETO - DIVERSOS;R$ 361,11;D;48
1258;15;06/10/2023;PG SALÁRIO DJAVAN 30D;R$ 1.774,00;D;18
1259;15;10/10/2023;PG PRESTAÇÃO SERVIÇO FAZ;R$ 700,00;D;53
1260;15;11/10/2023;PG VISITA RONALDO AGRONOMO;R$ 700,00;D;5
1261;15;16/10/2023;PG HORA EXTRA DJVAN - CH700044;R$ 1.006,00;D;42
1262;15;16/10/2023;PG SUPERMERCADO MAT LIMPZ CH70042;R$ 203,00;D;48
1263;15;16/10/2023;PG RESTAURANTE;R$ 106,00;D;40
1264;15;20/10/2023;PG SALÁRIO RONALDO 24D CH700039;R$ 1.419,36;D;18
1265;15;20/10/2023;PG DESBROTA;R$ 9.000,00;D;26
1266;15;24/10/2023;PG BORRACHARIA BORGES;R$ 315,00;D;6
1267;15;25/10/2023;PG RENATO PNEUS CONSERTO NF279;R$ 530,00;D;27
1268;15;25/10/2023;PG DIXINI NF20147;R$ 475,67;D;48
1270;9;01/11/2023;PG FÉRIAS JOSÉ VITOR;R$ 625,12;D;23
1271;9;01/11/2023;PG SALÁRIO JOÃO VITOR 30 D;R$ 1.774,00;D;18
1272;9;01/11/2023;PG SALÁRIO FAXINA ANA;R$ 560,00;D;18
1273;9;01/11/2023;PG SALDO SALARIO HUGO;R$ 755,00;D;18
1274;9;01/11/2023;PG SALÁRIO JOSÉ ORLANDO 30D;R$ 1.774,00;D;18
1275;9;01/11/2023;PG FÉRIAS HUGO 30D;R$ 3.122,11;D;23
1276;9;01/11/2023;PG SERRALHERIA ARA;R$ 608,20;D;64
1277;9;01/11/2023;PG SALÁRIO VITOR DOS REIS 30D;R$ 3.244,00;D;18
1278;9;07/11/2023;PG COCATREL ROBERTO;R$ 1.206,42;D;48
1330;5;21/12/2023;RENDIMENTO APLICAÇÃO MENOS IR;R$ 14.710,09;C;72
1279;9;07/11/2023;PG FGTS EVELINE;R$ 488,51;D;13
1280;9;07/11/2023;PG SEGURO ARMAZE. ALAMEDA - IARA;R$ 276,48;D;24
1281;9;07/11/2023;PG PRESTAÇÃO DE SERVIÇO;R$ 700,00;D;53
1282;9;07/11/2023;PG POSTO PHILADELPHIA NF1372;R$ 1.258,58;D;1
1283;9;30/11/2023;PG HONORÁRIO ORLANDO - ROBERTO;R$ 66,00;D;9
1284;9;30/11/2023;PG HONORARIO ORLANDO - EVELINE;R$ 132,00;D;9
1285;9;30/11/2023;PG 13º JOÃO VITOR;R$ 1.774,00;D;46
1286;9;30/11/2023;PG 13º DJAVAN;R$ 887,00;D;46
1287;9;30/11/2023;PG JOSÉ VITOR 13º;R$ 2.344,00;D;46
1288;9;30/11/2023;PG 13º JOSÉ ORLANDO;R$ 1.479,00;D;46
1289;9;30/11/2023;PG 13º HUGO;R$ 2.755,00;D;46
1290;9;30/11/2023;PG 13º VITOR DOS REIS;R$ 977,00;D;46
1291;9;30/11/2023;PG 13º WANDERSON;R$ 1.172,00;D;46
1292;15;03/11/2023;PG JOÃO PAULO - AVULSO;R$ 2.125,00;D;18
1293;15;03/11/2023;REC COOXUPE (VERIFICANDO);R$ 88,19;C;60
1294;15;03/11/2023;PG DESBROTA REF NOV;R$ 20.070,00;D;26
1295;15;03/11/2023;COBRANÇA POR IMPRESSÃO DE CHEQUE;R$ 6,40;D;51
1296;15;06/11/2023;PG SALÁRIO JOSÉ ORLANDO 30D;R$ 1.774,00;D;18
1297;15;06/11/2023;PG SALÁRIO WANDERSON 9D CH700052;R$ 703,26;D;18
1298;15;06/11/2023;PG SALÁRIO RONALDO 24D CH700046;R$ 1.419,36;D;18
1299;15;07/11/2023;PG BORRACHARIA BORGES;R$ 940,00;D;6
1300;15;08/11/2023;PG SUPERMERCADO MAT LIMPEZA;R$ 216,00;D;27
1301;15;09/11/2023;PG RESTAURANTE - ALIMENTAÇÃO;R$ 108,00;D;40
1302;15;10/11/2023;PG 40% FGTS RECISÃO RONALDO;R$ 4.019,82;D;13
1303;15;13/11/2023;EXAME MÉDICO DEMISSIONAL RONALDO;R$ 50,00;D;27
1304;15;13/11/2023;TARIFA BANCÁRIA;R$ 16,00;D;51
1305;15;20/11/2023;PG GPS INSS BRUNA ZONTA;R$ 140,86;D;15
1306;15;20/11/2023;PG GPS INSS ADELSON JUNIOR;R$ 609,32;D;15
1307;15;20/11/2023;PG GPS INSS EVELINE;R$ 569,82;D;15
1308;15;20/11/2023;PG GPS INSS ROBERTO;R$ 338,91;D;15
1309;15;20/11/2023;PG SHOP MAQUINARIO NF206 HASTES;R$ 1.569,00;D;48
1310;15;20/11/2023;PG CEMIG SITIO TOTO III;R$ 3.580,31;D;10
1311;15;28/11/2023;PG CAFEBRASIL NF13151 VICA CAFE;R$ 8.096,05;D;32
1383;15;08/01/2024;PG PRESTAÇÃO SERVIÇO FAZENDA;R$ 700,00;D;18
1384;15;08/01/2024;PG SALÁRIO ANA FAXINA;R$ 560,00;D;18
1385;15;08/01/2024;PG SALÁRIO WANDERSON 29D;R$ 2.266,00;D;18
1386;15;31/01/2024;PG SALÁRIO JOÃO VITOR 18D;R$ 1.065,00;D;18
1387;15;08/01/2024;PG SERRALHERIA ARA;R$ 251,00;D;64
1388;15;09/01/2024;PG SALÁRIO JOSÉ ORLANDO 30D;R$ 1.774,00;D;18
1389;15;09/01/2024;PG MAQUININHA DJAVAN;R$ 1.116,00;D;27
1390;15;09/01/2024;PG MAQUININHA JOSÉ ORLANDO;R$ 856,00;D;27
1391;15;10/01/2024;PG SALÁRIO JOSÉ VITOR 30D;R$ 2.344,00;D;18
1392;15;10/01/2024;PG BORRACHARIA BORGES COMPRA PNEU;R$ 1.520,00;D;48
1393;15;10/01/2024;PG SALÁRIO AVULSO JOÃO PAULO;R$ 2.210,00;D;18
1394;15;10/01/2024;PG SALÁRIO DJAVAN CH700056;R$ 1.774,00;D;18
1395;15;10/01/2024;PG SUPERMERCADO MATERIAL LIMPEZA;R$ 398,00;D;63
1396;15;11/01/2024;TÁRIFA BANCÁRIA / TAXA;R$ 16,00;D;51
1397;15;11/01/2024;TÁRIFA IMPRESSÃO CHEQUE;R$ 3,20;D;51
1398;15;12/01/2024;PG LS TRACTOR NF6443 ANEL ENCAIXE;R$ 317,62;D;48
1399;15;12/01/2024;PG ARMAZENAGEM ALAMEDA NF867 IARA;R$ 242,40;D;24
1400;15;12/01/2024;PG HONORÁRIO ADCON JUNIOR;R$ 320,00;D;9
1401;15;12/01/2024;PG ROLMASTER NF32233 BUCHA/ROLAM;R$ 462,86;D;48
1402;15;12/01/2024;PG JOCAPE NF9835 BALDE GRAXA;R$ 780,00;D;48
1403;15;12/01/2024;PG CEMIG PASTO IRIA ROBETO;R$ 115,19;D;10
1404;15;12/01/2024;PG CEMIG VISTA LAGO - ROBERTO;R$ 124,71;D;10
1405;15;12/01/2024;PG COCATREL ROBERTO - DIVERSOS;R$ 1.247,55;D;48
1406;15;12/01/2024;PG COCATREL EVELINE - DIVERSOS;R$ 1.019,01;D;48
1407;15;12/01/2024;PG COM AGRO NF7809 OPERA GL;R$ 14.600,00;D;32
1408;15;09/01/2024;PG DESBROTA JOÃO ADENISIO;R$ 2.517,00;D;26
1409;15;09/01/2024;PG RESTAURANTE;R$ 158,00;D;40
1410;15;17/01/2024;PG PEDREIRO RONALDO FAZENDA;R$ 400,00;D;27
1411;15;17/01/2024;PG V.F NF42351/ MANCAL;R$ 584,65;D;48
1412;15;23/01/2024;PG CEMIG FAZENDA GERAL;R$ 1.965,43;D;10
1413;15;23/01/2024;PG POSTO PHILADELPHIA NF1425;R$ 1.700,94;D;1
1414;15;23/01/2024;AMOSTRAGEM + VISITA AGRONOMO;R$ 1.340,00;D;5
1448;5;07/02/2024;TÁRIFA BANCÁRIA TED;R$ 6,00;D;51
1449;5;09/02/2024;PG DESBROTA + FRETE;R$ 16.850,00;D;26
1450;5;09/02/2024;PG COCATREL ROBERTO;R$ 88,65;D;48
1451;5;09/02/2024;PG COCATREL ROBERTO;R$ 1.096,78;D;48
1452;5;09/02/2024;PG COCATREL EVELINE;R$ 783,57;D;48
1453;5;14/02/2024;PG TARIFAS BANCARIAS;R$ 16,00;D;51
1454;5;16/02/2024;PG ADIANTAMENTO HUGO - MARÇO;R$ 2.000,00;D;18
1455;5;16/02/2024;CEMIG V. LAGO (JAN/DEZ/SET) BETO;R$ 6.028,31;D;10
1456;5;16/02/2024;PG RONALDO CONSERTO BANCO ESPUMA;R$ 320,00;D;48
1457;5;19/02/2024;PG ROLMASTER (TAMPA, RETENTOR ETC;R$ 1.247,50;D;48
1458;5;19/02/2024;PG AGROVIVA EVELINE DIVERSOS;R$ 2.926,66;D;32
1459;5;20/02/2024;PG JOCAPE - DIVERSOS ITENS;R$ 1.696,07;D;48
1460;5;20/02/2024;PG INSS EVELINE;R$ 513,82;D;15
1461;5;20/02/2024;PG ORLANDO CONTADOR - ROBERTO;R$ 142,00;D;9
1462;5;20/02/2024;PG INSS JUNIOR;R$ 923,98;D;15
1463;5;20/02/2024;PG AGUEDA NF1402 / DIVERSOS;R$ 467,00;D;48
1464;5;20/02/2024;PG GPS/INSS ROBERTO;R$ 375,90;D;15
1465;5;22/02/2024;PG INSS/GPS EVELINE DEZ;R$ 552,75;D;15
1466;5;21/02/2024;PG INSS ROBERTO - REF JAN;R$ 401,96;D;15
1467;5;21/02/2024;PG INSS EVELINE - REF JAN;R$ 517,88;D;15
1468;5;21/02/2024;PG INSS ROBERTO REF 13 2023;R$ 375,82;D;15
1469;5;21/02/2024;PG INSS ROBERTO REF DEZ;R$ 670,61;D;15
1470;5;21/02/2024;PG INSS EVELINE 13 REF 2023;R$ 526,72;D;15
1471;5;21/02/2024;PG 2º DESBROTA + FRETE;R$ 11.720,00;D;26
1472;5;21/02/2024;PG RETIRADA LUCRO SOCIO ADELSON;R$ 185.000,00;D;71
1473;5;22/02/2024;PG PRESTAÇÃO SERVIÇO FAZENDA;R$ 700,00;D;53
1474;5;29/02/2024;COMPRA MAQUINARIO LAVADOR;R$ 24.000,00;D;75
1475;5;29/02/2024;PG FRETE COMPRA LAVADOR;R$ 2.000,00;D;22
1476;5;23/02/2024;PG POSITIVA AUTO CENTER NF189;R$ 825,00;D;48
1477;5;20/02/2024;PG ORLANDO CONTADOR - BETO;R$ 71,00;D;9
1478;5;01/03/2024;PG HUGO SALÁRIO SALDO;R$ 974,00;D;18
1479;5;04/03/2024;PG SALÁRIO JOÃO VITOR MESQUITA;R$ 1.898,00;D;18
1480;5;06/03/2024;PG SALÁRIO JOSÉ VITOR;R$ 2.508,00;D;18
1312;15;28/11/2023;PG SHOP MAQUINARIO NF5478;R$ 390,00;D;48
1313;15;28/11/2023;PG V.F COMERCIO NF612;R$ 717,51;D;48
1314;15;30/11/2023;PG POSITIVA AUT CENTER NF171;R$ 1.100,00;D;48
1315;5;10/11/2023;PG TARIFA BANCARIA CT EVELINE;R$ 16,00;D;51
1316;5;20/11/2023;PG DESBROTA;R$ 19.140,00;D;26
1317;5;11/12/2023;PG TARIFA BANCARIA;R$ 16,00;D;51
1318;9;01/11/2023;PG NOTAS V.F 41599/41260;R$ 3.122,11;D;48
1319;9;10/10/2023;PG JOCAPE NF5356;R$ 200,00;D;48
1320;15;04/12/2023;PG SALÁRIO HUGO;R$ 1.470,00;D;18
1321;15;06/12/2023;PG VISITA RONALDO AGRONOMO;R$ 700,00;D;5
1322;15;07/12/2023;PG DESBROTA JOÃO ADENIZIO;R$ 1.000,00;D;26
1323;15;11/12/2023;REC COOXUPE (VERIFICANDO);R$ 1.649,87;C;60
1324;15;11/12/2023;PG SERRALHERIA ARA;R$ 375,00;D;64
1325;15;11/12/2023;PG SALÁRIO JOSÉ ORLANDO 30D;R$ 1.774,00;D;18
1326;15;11/12/2023;PG RESTAURANTE;R$ 96,00;D;40
1327;15;11/12/2023;TARIFA BANCARIA;R$ 16,00;D;51
1328;15;12/12/2023;PG SALÁRIO JOÃO PAULO - AVULSO;R$ 2.040,00;D;18
1329;15;12/12/2023;PG SUPERMERCADO MAT LIMPEZA;R$ 232,00;D;27
1333;15;13/12/2023;PG ARMAZENAGEM ALAMEDA - IARA;R$ 311,52;D;24
1334;15;14/12/2023;DJAVAN MAQUININHA CH700055;R$ 450,00;D;27
1335;15;15/12/2023;PG AMOSTRAS - RONALDO AGRONOMO;R$ 400,00;D;27
1336;15;15/12/2023;PG ELETRICA FEIJÃOZINHO;R$ 1.685,00;D;58
1337;15;20/12/2023;PG JOCAPE NF9294 E 9578;R$ 645,00;D;48
1338;15;20/12/2023;PG CAFEBRASIL NF13259/PRORECOVER;R$ 4.054,80;D;32
1339;15;21/12/2023;PG CAFEBRASIL NF13258 VICA CAFE;R$ 10.189,00;D;32
1340;15;21/12/2023;PG DIXINI NF20438 CHAPA EXP;R$ 255,52;D;48
1341;15;21/12/2023;PG FÉRIAS JOÃO VITOR MESQUITA 30D;R$ 2.065,27;D;23
1342;15;21/12/2023;PG ROLMASTER NF32233;R$ 305,49;D;48
1343;15;21/12/2023;MERCADÃO AGROPEÇAS NF16475 RETENT;R$ 642,56;D;48
1415;15;24/01/2024;PG TRÊS PONTAS DISEL;R$ 14,54;D;48
1416;15;25/01/2024;PG MUDAS GERALDO;R$ 910,00;D;73
1417;15;26/01/2024;PG OFICINA PEDROCA / DIVERSOS;R$ 4.265,00;D;28
1418;15;29/01/2024;PG POSTO PHILADELPHIA NF1383 NOV;R$ 1.573,13;D;1
1419;15;29/01/2024;PG SANTOS TRATORES NF111;R$ 1.370,00;D;28
1420;15;29/01/2024;PG V.F NF42587 MATERIAIS DIVERSOS;R$ 410,45;D;48
1421;15;30/01/2024;PG ENTRADA LAVADOR PINHALENSE;R$ 6.000,00;D;74
1422;15;30/01/2024;PG DIXINI NF20464;R$ 334,75;D;48
1423;15;30/01/2024;PG ORLANDO EVELINE;R$ 132,00;D;9
1424;15;30/01/2024;PG POSTO SANTANA OLEO DISEL 1425;R$ 10.607,95;D;37
1425;15;31/01/2024;PG OUTORGA IRRIGAÇÃO ADELSON JR;R$ 677,01;D;69
1426;15;31/01/2024;PG IPVA HONDA CG FAZENDA;R$ 109,39;D;16
1427;15;31/01/2024;PG IPVA STRADA FAZENDA;R$ 2.030,21;D;16
1428;15;02/02/2024;PG AGUEDA DIVEROS NF1377;R$ 356,00;D;48
1429;15;31/01/2024;REND LIQUIDO JANEIRO - ADELSON JR;R$ 2.290,51;C;72
1430;5;10/01/2024;RETIRADA LUCRO SOCIO ROBERTO;R$ 107.670,25;D;71
1431;5;09/01/2024;PG COMPRA MAQUININHA FAZENDA;R$ 3.200,00;D;48
1432;5;16/01/2024;TARIFA BANCÁRIA;R$ 16,00;D;51
1433;5;31/01/2024;REND. LIQUIDO MENOS IR - EVELINE;R$ 1.990,47;C;72
1434;9;16/01/2024;RETIRADA LUCRO JOÃO FRANCISCO;R$ 131.000,00;D;71
1435;17;09/01/2024;RETIRADA LUCRO SOCIO BETO;R$ 97.779,63;D;71
1436;6;09/01/2024;RETIRADA LUCRO SOCIO ROBERTO;R$ 194.550,12;D;71
1437;5;05/02/2024;PG SALÁRIO HUGO;R$ 2.947,00;D;18
1438;5;05/02/2024;PG SALÁRIO VITOR DOS REIS;R$ 2.508,00;D;18
1439;5;05/02/2024;PG SALÁRIO WANDERSON;R$ 2.340,80;D;18
1440;5;05/02/2024;PG SERRALHERIA ARA;R$ 133,00;D;64
1441;5;06/02/2024;PG ANA FAXINA;R$ 560,00;D;27
1442;5;06/02/2024;PG SALÁRIO JOSÉ VITOR;R$ 2.508,00;D;18
1443;5;06/02/2024;PG SALÁRIO JOÃO VITOR MESQUITA;R$ 1.328,46;D;18
1444;5;06/02/2024;PG SALÁRIO JOSÉ ORLANDO;R$ 1.774,00;D;18
1445;5;06/02/2024;PG DIF MAQUININHA JOSÉ ORLANDO;R$ 454,00;D;27
1446;5;07/02/2024;PG VISITA AGRONOMO RONALDO;R$ 700,00;D;5
1447;5;07/02/2024;PG WILSON MOTOSSERA;R$ 220,00;D;27
1481;5;04/03/2024;PG CONTADOR ORLANDO - ROBERTO;R$ 71,00;D;9
1482;5;04/03/2024;PG CONTADOR ORLANDO - EVELINE;R$ 142,00;D;9
1483;5;04/03/2024;PG FGTS ROBERTO;R$ 235,83;D;13
1484;5;04/03/2024;PG FGTS EVELINE;R$ 344,86;D;13
1485;5;04/03/2024;PG INSS / GPS EVELINE;R$ 461,99;D;15
1486;5;04/03/2024;PG INSS/GPS ROBERTO;R$ 364,86;D;15
1487;5;05/03/2024;REC REEMBOLSO TED ADELSON COSTA;R$ 185.000,00;C;71
1488;5;06/03/2024;PG AGROVIVA INSUMO NF13983;R$ 761,40;D;32
1489;5;07/03/2024;PG POSITIVA  CENTER NF 212 202;R$ 900,00;D;48
1490;5;11/03/2024;PG TARIFA BANCARIA;R$ 16,00;D;51
1491;5;13/03/2024;PG COCATREL EVELINE;R$ 538,63;D;48
1492;5;13/03/2024;PG COCATREL ROBERTO;R$ 1.640,28;D;48
1493;5;15/03/2024;PG ADIANTAMENTO HUGO;R$ 2.000,00;D;18
1494;5;15/03/2024;PG AGROMAQ NF 241;R$ 146,00;D;48
1495;5;18/03/2024;PG AGRONOMO + AMOSTRAGEM RONALDO;R$ 835,00;D;5
1496;5;19/03/2024;COMPRA RECOLHEDORA;R$ 200.000,00;D;76
1497;5;10/03/2024;PG COM AGRO NF 8504;R$ 123,94;D;32
1498;5;26/02/2024;PG AGROVIVA NF 13916;R$ 2.282,85;D;32
1499;15;07/02/2024;PG SALÁRIO JOÃO PAULO CH700065;R$ 2.295,00;D;18
1500;15;08/02/2024;PG MAQUININHA DJAVAN CH700071;R$ 420,00;D;27
1501;15;08/02/2024;PG SALÁRIO DJAVAN CH700070;R$ 1.898,00;D;18
1502;15;08/02/2024;PG DESBROTA JOÃO ADENISIO CH70069;R$ 2.700,00;D;26
1503;15;14/02/2024;PG RESTAURANTE;R$ 114,00;D;40
1504;15;14/02/2024;PG SUPERMERCADO MAT LIMP CH70066;R$ 307,30;D;27
1505;15;14/02/2024;PG BORRACHARIA BORGES CH700068;R$ 190,00;D;6
1506;15;14/02/2024;TARIFA BANCÁRIA;R$ 16,00;D;51
1507;15;15/02/2024;RET FINAME COLHEITADIERA;R$ 37.420,87;D;56
1508;15;19/02/2024;PG INSS/GPS ADELSON JUNIOR;R$ 3.425,55;D;15
1509;15;01/03/2024;PG POSTO PHILADELPHIA NF1435;R$ 1.984,57;D;1
1510;15;05/03/2024;PG SALÁRIO VITOR DOS REIS;R$ 2.508,00;D;18
1511;15;06/03/2024;PG SALÁRIO JOSÉ ORLANDO;R$ 1.898,00;D;18
1512;15;05/03/2024;PG SALÁRIO WANDERSON;R$ 2.340,80;D;18
1513;15;05/03/2024;PG ANA FAXINA;R$ 560,00;D;18
1347;15;21/12/2023;PAGAMENTO ORLANDO 13º EVELINE;R$ 132,00;D;9
1348;15;21/12/2023;PG 13° CONTADOR ORLANDO - BETO;R$ 66,00;D;9
1349;15;21/12/2023;PG AGROVIVA NF13579 / ALION;R$ 3.920,00;D;32
1352;15;21/12/2023;PG AGUEDA NF1354 TUBO, CORDA ETC;R$ 590,40;D;48
1353;15;21/12/2023;PG DIXINI NF20395 GRELHA;R$ 852,89;D;48
1354;15;21/12/2023;RENDIMENTO APLICAÇÃO MENOS IR;R$ 13.105,06;C;72
1355;15;13/12/2023;CRED COOXUPE (VERIFICANDO);R$ 859,67;C;60
1356;15;11/10/2023;TARIFA BANCÁRIA - CONTA JUNIOR;R$ 16,00;D;51
1360;9;06/12/2023;PG SALÁRIO JOSÉ ORLANDO 30D;R$ 1.774,00;D;18
1361;9;05/11/2023;PG SALÁRIO JOSÉ VITOR 30D;R$ 2.344,00;D;18
1362;9;05/12/2023;PG SALÁRIO JOÃO VITOR 30D;R$ 1.774,00;D;18
1363;9;05/12/2023;PG SALÁRIO WANDERSON 09D;R$ 703,26;D;18
1364;9;06/12/2023;PG CEMIG FAZENDA IRIA BETO;R$ 77,11;D;10
1365;9;06/12/2023;PG CEMIG FAZENDA;R$ 1.600,25;D;10
1366;9;06/12/2023;PG INTERNET FAZENDA;R$ 155,00;D;21
1367;9;06/12/2023;PG AGROVIVA NF13492 FRENO;R$ 978,22;D;32
1368;9;06/12/2023;PG AGROVIVA NF13190 AUREO/VIANCE;R$ 1.340,00;D;32
1369;9;06/12/2023;PG COCATREL ROBERTO - DIVERSOS;R$ 1.227,79;D;48
1370;9;06/12/2023;PG HONORARIO ADCON - ADELSON JR;R$ 320,00;D;9
1371;9;06/12/2023;PG COCATREL EVELINE - DIVERSOS;R$ 932,70;D;48
1372;9;06/12/2023;PG AGROVIVA NF13430 GLIFOCOPA;R$ 312,22;D;32
1373;9;06/12/2023;PG AGROVIVA NF13416 PREMIER PLUS;R$ 15.588,25;D;32
1374;9;06/12/2023;PG AGROVIVA NF13190 E 13314;R$ 14.108,14;D;32
1375;9;06/12/2023;PG PRESTAÇÃO SERVIÇO;R$ 700,00;D;53
1376;9;12/12/2023;PG RESCISÃO RONALDO;R$ 5.165,79;D;57
1377;17;11/11/2023;REC CAFÉ NF041431460 / 120 SACAS;R$ 97.779,63;C;25
1378;6;01/11/2023;PG MOTOBOY GUAXUPE BOMBA D'AGUA;R$ 50,00;D;22
1379;15;02/01/2024;RETIRADA SALDO JOÃO / AGUAS CRIS;R$ 240.000,00;D;71
1380;15;08/01/2024;PG ADIANTAMENTO SAFRA 24 HUGO;R$ 30.000,00;D;52
1381;15;08/01/2024;PG SALDO SALÁRIO HUGO 30D;R$ 755,00;D;18
1382;15;08/01/2024;PG SALÁRIO VITOR DOS REIS 30D;R$ 2.344,00;D;18
1514;15;05/03/2024;PG SERRALHERIA ARA;R$ 206,50;D;64
1515;15;06/03/2024;PG SALÁRIO DJAVAN;R$ 1.898,00;D;18
1516;15;06/03/2024;PG SALÁRIO JOAO PAULO CH700078;R$ 2.125,00;D;18
1517;15;06/03/2024;PG BORRACHARIA BORGES CH70075;R$ 80,00;D;6
1518;15;06/03/2024;PG GERALDINHO MUDAS CAFÉ CH700073;R$ 216,00;D;73
1519;15;06/03/2024;PG RESTAURANTE CH700074;R$ 126,00;D;40
1520;15;07/03/2024;PG DESBROTA JOÃO ADENISIO;R$ 2.400,00;D;26
1521;15;11/03/2024;PG PACOTE SERVIÇOS;R$ 16,00;D;51
1522;15;13/03/2024;PG SISTEMA WILLIAM NF88 / TEC;R$ 600,00;D;70
1523;15;13/03/2024;PG AGROGENIUS NF2241 OUTORGA;R$ 600,00;D;66
1524;15;15/03/2024;PG CONTAS CEMIG ANA.C /SAQUE;R$ 2.300,00;D;10
1525;15;22/03/2024;REND. LIQUIDO APLICAÇÃO ADELSON J;R$ 570,38;C;72
1526;9;25/03/2024;RETIRADA SOCIO ADELSON COSTA;R$ 30.363,66;D;71
1527;6;22/03/2024;REEMBOLSO LUCRO SOCIO ROBERTO;R$ 50.000,00;C;71
1528;6;22/03/2024;PG FERMATEL NF029650;R$ 6.439,29;D;48
1529;6;22/03/2024;DEP HUGO COMPRA PORTA PAPEL RFA;R$ 120,00;D;48
1530;5;26/03/2024;REND. LIQUIDO APLICAÇÃO EVELINE;R$ 3.476,97;C;72
1531;9;26/03/2024;REND. LIQUIDO APLICAÇÃO BRUNA;R$ 3.800,00;C;72
1532;9;26/03/2024;RETIRADA LUCRO ADELSON COSTA;R$ 3.800,00;D;71
